datetime,label
202111280230,0
202111280245,0
202111280300,0
202111280315,0
202111280330,0
202111280345,0
202111280400,0
202111280415,0
202111280430,0
202111280445,0
202111280500,0
202111280515,0
202111280530,0
202111280545,0
202111280600,0
202111280615,0
202111280630,0
202111280645,0
202111280700,0
202111280715,0
202111280730,0
202111280745,0
202111280800,0
202111280815,0
202111280830,0
202111280845,0
202111280900,0
202111280915,0
202111280930,0
202111280945,0
202111281000,0
202111281015,0
202111281030,0
202111281045,0
202111281100,0
202111281115,0
202111281130,0
202111281145,0
202111281200,0
202111281215,0
202111281230,0
202111281245,0
202111281300,0
202111281315,0
202111281330,0
202111281345,0
202111281400,0
202111281415,0
202111281430,0
202111281445,0
202111281500,0
202111281515,0
202111281530,0
202111281545,0
202111281600,0
202111281615,0
202111281630,0
202111281645,0
202111281700,0
202111281715,0
202111281730,0
202111281745,0
202111281800,0
202111281815,0
202111281830,0
202111281845,0
202111281900,0
202111281915,0
202111281930,0
202111281945,0
202111282000,0
202111282015,0
202111282030,0
202111282045,0
202111282100,0
202111282115,0
202111282130,0
202111282145,0
202111282200,0
202111282215,0
202111282230,0
202111282245,0
202111282300,0
202111282315,0
202111282330,0
202111282345,0
202111290000,0
202111290015,0
202111290030,0
202111290045,0
202111290100,0
202111290115,0
202111290130,0
202111290145,0
202111290200,0
202111290215,0
202111290230,0
202111290245,0
202111290300,0
202111290315,0
202111290330,0
202111290345,0
202111290400,0
202111290415,0
202111290430,0
202111290445,0
202111290500,0
202111290515,0
202111290530,0
202111290545,0
202111290600,0
202111290615,0
202111290630,0
202111290645,0
202111290700,0
202111290715,0
202111290730,0
202111290745,0
202111290800,0
202111290815,0
202111290830,0
202111290845,0
202111290900,0
202111290915,0
202111290930,0
202111290945,0
202111291000,0
202111291015,0
202111291030,0
202111291045,0
202111291100,0
202111291115,0
202111291130,0
202111291145,0
202111291200,0
202111291215,0
202111291230,0
202111291245,0
202111291300,0
202111291315,0
202111291330,0
202111291345,0
202111291400,0
202111291415,0
202111291430,0
202111291445,0
202111291500,0
202111291515,0
202111291530,0
202111291545,0
202111291600,0
202111291615,0
202111291630,0
202111291645,0
202111291700,0
202111291715,0
202111291730,0
202111291745,0
202111291800,0
202111291815,0
202111291830,0
202111291845,0
202111291900,0
202111291915,0
202111291930,0
202111291945,0
202111292000,0
202111292015,0
202111292030,0
202111292045,0
202111292100,0
202111292115,0
202111292130,0
202111292145,0
202111292200,0
202111292215,0
202111292230,0
202111292245,0
202111292300,0
202111292315,0
202111292330,0
202111292345,0
202111300000,0
202111300015,0
202111300030,0
202111300045,0
202111300100,0
202111300115,0
202111300130,0
202111300145,0
202111300200,0
202111300215,0
202111300230,0
202111300245,0
202111300300,0
202111300315,0
202111300330,0
202111300345,0
202111300400,0
202111300415,0
202111300430,0
202111300445,0
202111300500,0
202111300515,0
202111300530,0
202111300545,0
202111300600,0
202111300615,0
202111300630,0
202111300645,0
202111300700,0
202111300715,0
202111300730,0
202111300745,0
202111300800,0
202111300815,0
202111300830,0
202111300845,0
202111300900,0
202111300915,0
202111300930,0
202111300945,0
202111301000,0
202111301015,0
202111301030,0
202111301045,0
202111301100,0
202111301115,0
202111301130,0
202111301145,0
202111301200,0
202111301215,0
202111301230,0
202111301245,0
202111301300,0
202111301315,0
202111301330,0
202111301345,0
202111301400,0
202111301415,0
202111301430,0
202111301445,0
202111301500,0
202111301515,0
202111301530,0
202111301545,0
202111301600,0
202111301615,0
202111301630,0
202111301645,0
202111301700,1
202111301715,1
202111301730,1
202111301745,1
202111301800,1
202111301815,1
202111301830,1
202111301845,1
202111301900,1
202111301915,1
202111301930,1
202111301945,0
202111302000,0
202111302015,0
202111302030,0
202111302045,0
202111302100,0
202111302115,0
202111302130,0
202111302145,0
202111302200,0
202111302215,0
202111302230,0
202111302245,0
202111302300,0
202111302315,0
202111302330,0
202111302345,0
202112010000,0
202112010015,0
202112010030,0
202112010045,0
202112010100,0
202112010115,0
202112010130,0
202112010145,0
202112010200,0
202112010215,0
202112010230,0
202112010245,0
202112010300,0
202112010315,0
202112010330,0
202112010345,0
202112010400,0
202112010415,0
202112010430,0
202112010445,0
202112010500,0
202112010515,0
202112010530,0
202112010545,0
202112010600,0
202112010615,0
202112010630,0
202112010645,0
202112010700,1
202112010715,1
202112010730,1
202112010745,1
202112010800,1
202112010815,1
202112010830,1
202112010845,1
202112010900,1
202112010915,1
202112010930,1
202112010945,0
202112011000,0
202112011015,0
202112011030,0
202112011045,0
202112011100,0
202112011115,0
202112011130,0
202112011145,0
202112011200,0
202112011215,0
202112011230,0
202112011245,0
202112011300,0
202112011315,0
202112011330,0
202112011345,0
202112011400,0
202112011415,0
202112011430,0
202112011445,0
202112011500,0
202112011515,0
202112011530,0
202112011545,0
202112011600,0
202112011615,0
202112011630,0
202112011645,0
202112011700,0
202112011715,0
202112011730,0
202112011745,0
202112011800,0
202112011815,0
202112011830,0
202112011845,0
202112011900,0
202112011915,0
202112011930,0
202112011945,0
202112012000,0
202112012015,0
202112012030,0
202112012045,0
202112012100,0
202112012115,0
202112012130,0
202112012145,0
202112012200,0
202112012215,0
202112012230,0
202112012245,0
202112012300,0
202112012315,0
202112012330,0
202112012345,0
202112020000,0
202112020015,0
202112020030,0
202112020045,0
202112020100,0
202112020115,0
202112020130,0
202112020145,0
202112020200,0
202112020215,0
202112020230,0
202112020245,0
202112020300,0
202112020315,0
202112020330,0
202112020345,0
202112020400,0
202112020415,0
202112020430,0
202112020445,0
202112020500,0
202112020515,0
202112020530,0
202112020545,0
202112020600,0
202112020615,0
202112020630,0
202112020645,0
202112020700,0
202112020715,0
202112020730,0
202112020745,0
202112020800,0
202112020815,0
202112020830,0
202112020845,0
202112020900,0
202112020915,0
202112020930,0
202112020945,0
202112021000,0
202112021015,0
202112021030,0
202112021045,0
202112021100,0
202112021115,0
202112021130,0
202112021145,0
202112021200,0
202112021215,0
202112021230,0
202112021245,0
202112021300,0
202112021315,0
202112021330,0
202112021345,0
202112021400,0
202112021415,0
202112021430,0
202112021445,0
202112021500,0
202112021515,0
202112021530,0
202112021545,0
202112021600,0
202112021615,0
202112021630,0
202112021645,0
202112021700,0
202112021715,0
202112021730,0
202112021745,0
202112021800,0
202112021815,0
202112021830,0
202112021845,0
202112021900,0
202112021915,0
202112021930,0
202112021945,0
202112022000,0
202112022015,0
202112022030,0
202112022045,0
202112022100,0
202112022115,0
202112022130,0
202112022145,0
202112022200,0
202112022215,0
202112022230,0
202112022245,0
202112022300,0
202112022315,0
202112022330,0
202112022345,0
202112030000,0
202112030015,0
202112030030,0
202112030045,0
202112030100,0
202112030115,0
202112030130,0
202112030145,0
202112030200,0
202112030215,0
202112030230,0
202112030245,0
202112030300,0
202112030315,0
202112030330,0
202112030345,0
202112030400,0
202112030415,0
202112030430,0
202112030445,0
202112030500,0
202112030515,0
202112030530,0
202112030545,0
202112030600,0
202112030615,0
202112030630,0
202112030645,0
202112030700,0
202112030715,0
202112030730,0
202112030745,0
202112030800,0
202112030815,0
202112030830,0
202112030845,0
202112030900,0
202112030915,0
202112030930,0
202112030945,0
202112031000,0
202112031015,0
202112031030,0
202112031045,0
202112031100,0
202112031115,0
202112031130,0
202112031145,0
202112031200,0
202112031215,0
202112031230,0
202112031245,0
202112031300,0
202112031315,0
202112031330,0
202112031345,0
202112031400,0
202112031415,0
202112031430,0
202112031445,0
202112031500,0
202112031515,0
202112031530,0
202112031545,0
202112031600,0
202112031615,0
202112031630,0
202112031645,0
202112031700,0
202112031715,0
202112031730,0
202112031745,0
202112031800,0
202112031815,0
202112031830,0
202112031845,0
202112031900,0
202112031915,0
202112031930,0
202112031945,0
202112032000,0
202112032015,0
202112032030,0
202112032045,0
202112032100,0
202112032115,0
202112032130,0
202112032145,0
202112032200,0
202112032215,0
202112032230,0
202112032245,0
202112032300,0
202112032315,0
202112032330,0
202112032345,0
202112040000,0
202112040015,0
202112040030,0
202112040045,0
202112040100,0
202112040115,0
202112040130,0
202112040145,0
202112040200,0
202112040215,0
202112040230,0
202112040245,0
202112040300,0
202112040315,0
202112040330,0
202112040345,0
202112040400,0
202112040415,0
202112040430,0
202112040445,0
202112040500,0
202112040515,0
202112040530,0
202112040545,0
202112040600,0
202112040615,0
202112040630,0
202112040645,0
202112040700,0
202112040715,0
202112040730,0
202112040745,0
202112040800,0
202112040815,0
202112040830,0
202112040845,0
202112040900,0
202112040915,0
202112040930,0
202112040945,0
202112041000,0
202112041015,0
202112041030,0
202112041045,0
202112041100,0
202112041115,0
202112041130,0
202112041145,0
202112041200,0
202112041215,0
202112041230,0
202112041245,0
202112041300,0
202112041315,0
202112041330,0
202112041345,0
202112041400,0
202112041415,0
202112041430,0
202112041445,0
202112041500,0
202112041515,0
202112041530,0
202112041545,0
202112041600,0
202112041615,0
202112041630,0
202112041645,0
202112041700,0
202112041715,0
202112041730,0
202112041745,0
202112041800,0
202112041815,0
202112041830,0
202112041845,0
202112041900,0
202112041915,0
202112041930,0
202112041945,0
202112042000,0
202112042015,0
202112042030,0
202112042045,0
202112042100,0
202112042115,0
202112042130,0
202112042145,0
202112042200,0
202112042215,0
202112042230,0
202112042245,0
202112042300,0
202112042315,0
202112042330,0
202112042345,0
202112050000,0
202112050015,0
202112050030,0
202112050045,0
202112050100,0
202112050115,0
202112050130,0
202112050145,0
202112050200,0
202112050215,0
202112050230,0
202112050245,0
202112050300,0
202112050315,0
202112050330,0
202112050345,0
202112050400,0
202112050415,0
202112050430,0
202112050445,0
202112050500,0
202112050515,0
202112050530,0
202112050545,0
202112050600,0
202112050615,0
202112050630,0
202112050645,0
202112050700,0
202112050715,0
202112050730,0
202112050745,0
202112050800,0
202112050815,0
202112050830,0
202112050845,0
202112050900,0
202112050915,0
202112050930,0
202112050945,0
202112051000,0
202112051015,0
202112051030,0
202112051045,0
202112051100,0
202112051115,0
202112051130,0
202112051145,0
202112051200,0
202112051215,0
202112051230,0
202112051245,0
202112051300,0
202112051315,0
202112051330,0
202112051345,0
202112051400,0
202112051415,0
202112051430,0
202112051445,0
202112051500,0
202112051515,0
202112051530,0
202112051545,0
202112051600,0
202112051615,0
202112051630,0
202112051645,0
202112051700,0
202112051715,0
202112051730,0
202112051745,0
202112051800,0
202112051815,0
202112051830,0
202112051845,0
202112051900,0
202112051915,0
202112051930,0
202112051945,0
202112052000,0
202112052015,0
202112052030,0
202112052045,0
202112052100,0
202112052115,0
202112052130,0
202112052145,0
202112052200,0
202112052215,0
202112052230,0
202112052245,0
202112052300,0
202112052315,0
202112052330,0
202112052345,0
202112060000,0
202112060015,0
202112060030,0
202112060045,0
202112060100,0
202112060115,0
202112060130,0
202112060145,0
202112060200,0
202112060215,0
202112060230,0
202112060245,0
202112060300,0
202112060315,0
202112060330,0
202112060345,0
202112060400,0
202112060415,0
202112060430,0
202112060445,0
202112060500,0
202112060515,0
202112060530,0
202112060545,0
202112060600,0
202112060615,0
202112060630,0
202112060645,0
202112060700,0
202112060715,0
202112060730,0
202112060745,0
202112060800,0
202112060815,0
202112060830,0
202112060845,0
202112060900,0
202112060915,0
202112060930,0
202112060945,0
202112061000,0
202112061015,0
202112061030,0
202112061045,0
202112061100,0
202112061115,0
202112061130,0
202112061145,0
202112061200,0
202112061215,0
202112061230,0
202112061245,0
202112061300,0
202112061315,0
202112061330,0
202112061345,0
202112061400,0
202112061415,0
202112061430,0
202112061445,0
202112061500,0
202112061515,0
202112061530,0
202112061545,0
202112061600,0
202112061615,0
202112061630,0
202112061645,0
202112061700,0
202112061715,0
202112061730,0
202112061745,0
202112061800,0
202112061815,0
202112061830,0
202112061845,0
202112061900,0
202112061915,0
202112061930,0
202112061945,0
202112062000,0
202112062015,0
202112062030,0
202112062045,0
202112062100,0
202112062115,0
202112062130,0
202112062145,0
202112062200,0
202112062215,0
202112062230,0
202112062245,0
202112062300,0
202112062315,0
202112062330,0
202112062345,0
202112070000,0
202112070015,0
202112070030,0
202112070045,0
202112070100,0
202112070115,0
202112070130,0
202112070145,0
202112070200,0
202112070215,0
202112070230,0
202112070245,0
202112070300,0
202112070315,0
202112070330,0
202112070345,0
202112070400,0
202112070415,0
202112070430,0
202112070445,0
202112070500,0
202112070515,0
202112070530,0
202112070545,0
202112070600,0
202112070615,0
202112070630,0
202112070645,0
202112070700,0
202112070715,0
202112070730,0
202112070745,0
202112070800,0
202112070815,0
202112070830,0
202112070845,0
202112070900,0
202112070915,0
202112070930,0
202112070945,0
202112071000,0
202112071015,0
202112071030,0
202112071045,0
202112071100,0
202112071115,0
202112071130,0
202112071145,0
202112071200,0
202112071215,0
202112071230,0
202112071245,0
202112071300,0
202112071315,0
202112071330,0
202112071345,0
202112071400,0
202112071415,0
202112071430,0
202112071445,0
202112071500,0
202112071515,0
202112071530,0
202112071545,0
202112071600,0
202112071615,0
202112071630,0
202112071645,0
202112071700,0
202112071715,0
202112071730,0
202112071745,0
202112071800,0
202112071815,0
202112071830,0
202112071845,0
202112071900,0
202112071915,0
202112071930,0
202112071945,0
202112072000,0
202112072015,0
202112072030,0
202112072045,0
202112072100,0
202112072115,0
202112072130,0
202112072145,0
202112072200,0
202112072215,0
202112072230,0
202112072245,0
202112072300,0
202112072315,0
202112072330,0
202112072345,0
202112080000,0
202112080015,0
202112080030,0
202112080045,0
202112080100,0
202112080115,0
202112080130,0
202112080145,0
202112080200,0
202112080215,0
202112080230,0
202112080245,0
202112080300,0
202112080315,0
202112080330,0
202112080345,0
202112080400,0
202112080415,0
202112080430,0
202112080445,0
202112080500,0
202112080515,0
202112080530,0
202112080545,0
202112080600,0
202112080615,0
202112080630,0
202112080645,0
202112080700,0
202112080715,0
202112080730,0
202112080745,0
202112080800,0
202112080815,0
202112080830,0
202112080845,0
202112080900,0
202112080915,0
202112080930,0
202112080945,0
202112081000,0
202112081015,0
202112081030,0
202112081045,0
202112081100,0
202112081115,0
202112081130,0
202112081145,0
202112081200,0
202112081215,0
202112081230,0
202112081245,0
202112081300,0
202112081315,0
202112081330,0
202112081345,0
202112081400,0
202112081415,0
202112081430,0
202112081445,0
202112081500,0
202112081515,0
202112081530,0
202112081545,0
202112081600,0
202112081615,0
202112081630,0
202112081645,0
202112081700,0
202112081715,0
202112081730,0
202112081745,0
202112081800,0
202112081815,0
202112081830,0
202112081845,0
202112081900,0
202112081915,0
202112081930,0
202112081945,0
202112082000,0
202112082015,0
202112082030,0
202112082045,0
202112082100,0
202112082115,0
202112082130,0
202112082145,0
202112082200,0
202112082215,0
202112082230,0
202112082245,0
202112082300,0
202112082315,0
202112082330,0
202112082345,0
202112090000,0
202112090015,0
202112090030,0
202112090045,0
202112090100,0
202112090115,0
202112090130,0
202112090145,0
202112090200,0
202112090215,0
202112090230,0
202112090245,0
202112090300,0
202112090315,0
202112090330,0
202112090345,0
202112090400,0
202112090415,0
202112090430,0
202112090445,0
202112090500,0
202112090515,0
202112090530,0
202112090545,0
202112090600,0
202112090615,0
202112090630,0
202112090645,0
202112090700,0
202112090715,0
202112090730,0
202112090745,0
202112090800,0
202112090815,0
202112090830,0
202112090845,0
202112090900,0
202112090915,0
202112090930,0
202112090945,0
202112091000,0
202112091015,0
202112091030,0
202112091045,0
202112091100,0
202112091115,0
202112091130,0
202112091145,0
202112091200,0
202112091215,0
202112091230,0
202112091245,0
202112091300,0
202112091315,0
202112091330,0
202112091345,0
202112091400,0
202112091415,0
202112091430,0
202112091445,0
202112091500,0
202112091515,0
202112091530,0
202112091545,0
202112091600,0
202112091615,0
202112091630,0
202112091645,0
202112091700,0
202112091715,0
202112091730,0
202112091745,0
202112091800,0
202112091815,0
202112091830,0
202112091845,0
202112091900,0
202112091915,0
202112091930,0
202112091945,0
202112092000,0
202112092015,0
202112092030,0
202112092045,0
202112092100,0
202112092115,0
202112092130,0
202112092145,0
202112092200,0
202112092215,0
202112092230,0
202112092245,0
202112092300,0
202112092315,0
202112092330,0
202112092345,0
202112100000,0
202112100015,0
202112100030,0
202112100045,0
202112100100,0
202112100115,0
202112100130,0
202112100145,0
202112100200,0
202112100215,0
202112100230,0
202112100245,0
202112100300,0
202112100315,0
202112100330,0
202112100345,0
202112100400,0
202112100415,0
202112100430,0
202112100445,0
202112100500,0
202112100515,0
202112100530,0
202112100545,0
202112100600,0
202112100615,0
202112100630,0
202112100645,0
202112100700,0
202112100715,0
202112100730,0
202112100745,0
202112100800,0
202112100815,0
202112100830,0
202112100845,0
202112100900,0
202112100915,0
202112100930,0
202112100945,0
202112101000,0
202112101015,0
202112101030,0
202112101045,0
202112101100,0
202112101115,0
202112101130,0
202112101145,0
202112101200,0
202112101215,0
202112101230,0
202112101245,0
202112101300,0
202112101315,0
202112101330,0
202112101345,0
202112101400,0
202112101415,0
202112101430,0
202112101445,0
202112101500,0
202112101515,0
202112101530,0
202112101545,0
202112101600,0
202112101615,0
202112101630,0
202112101645,0
202112101700,0
202112101715,0
202112101730,0
202112101745,0
202112101800,0
202112101815,0
202112101830,0
202112101845,0
202112101900,0
202112101915,0
202112101930,0
202112101945,0
202112102000,0
202112102015,0
202112102030,0
202112102045,0
202112102100,0
202112102115,0
202112102130,0
202112102145,0
202112102200,0
202112102215,0
202112102230,0
202112102245,0
202112102300,0
202112102315,0
202112102330,0
202112102345,0
202112110000,0
202112110015,0
202112110030,0
202112110045,0
202112110100,0
202112110115,0
202112110130,0
202112110145,0
202112110200,0
202112110215,0
202112110230,0
202112110245,0
202112110300,0
202112110315,0
202112110330,0
202112110345,0
202112110400,0
202112110415,0
202112110430,0
202112110445,0
202112110500,0
202112110515,0
202112110530,0
202112110545,0
202112110600,0
202112110615,0
202112110630,0
202112110645,0
202112110700,0
202112110715,0
202112110730,0
202112110745,0
202112110800,0
202112110815,0
202112110830,0
202112110845,0
202112110900,0
202112110915,0
202112110930,0
202112110945,0
202112111000,0
202112111015,0
202112111030,0
202112111045,0
202112111100,0
202112111115,0
202112111130,0
202112111145,0
202112111200,0
202112111215,0
202112111230,0
202112111245,0
202112111300,0
202112111315,0
202112111330,0
202112111345,0
202112111400,0
202112111415,0
202112111430,0
202112111445,0
202112111500,0
202112111515,0
202112111530,0
202112111545,0
202112111600,0
202112111615,0
202112111630,0
202112111645,0
202112111700,0
202112111715,0
202112111730,0
202112111745,0
202112111800,0
202112111815,0
202112111830,0
202112111845,0
202112111900,0
202112111915,0
202112111930,0
202112111945,0
202112112000,1
202112112015,1
202112112030,1
202112112045,1
202112112100,1
202112112115,1
202112112130,1
202112112145,1
202112112200,1
202112112215,1
202112112230,1
202112112245,0
202112112300,0
202112112315,0
202112112330,0
202112112345,0
202112120000,0
202112120015,0
202112120030,0
202112120045,0
202112120100,0
202112120115,0
202112120130,0
202112120145,0
202112120200,0
202112120215,0
202112120230,0
202112120245,0
202112120300,0
202112120315,0
202112120330,0
202112120345,0
202112120400,0
202112120415,0
202112120430,0
202112120445,0
202112120500,0
202112120515,0
202112120530,0
202112120545,0
202112120600,0
202112120615,0
202112120630,0
202112120645,0
202112120700,0
202112120715,0
202112120730,0
202112120745,0
202112120800,0
202112120815,0
202112120830,0
202112120845,0
202112120900,0
202112120915,0
202112120930,0
202112120945,0
202112121000,0
202112121015,0
202112121030,0
202112121045,0
202112121100,0
202112121115,0
202112121130,0
202112121145,0
202112121200,0
202112121215,0
202112121230,0
202112121245,0
202112121300,0
202112121315,0
202112121330,0
202112121345,0
202112121400,0
202112121415,0
202112121430,0
202112121445,0
202112121500,0
202112121515,0
202112121530,0
202112121545,0
202112121600,0
202112121615,0
202112121630,0
202112121645,0
202112121700,0
202112121715,0
202112121730,0
202112121745,0
202112121800,0
202112121815,0
202112121830,0
202112121845,0
202112121900,0
202112121915,0
202112121930,0
202112121945,0
202112122000,0
202112122015,0
202112122030,0
202112122045,0
202112122100,0
202112122115,0
202112122130,0
202112122145,0
202112122200,0
202112122215,0
202112122230,0
202112122245,0
202112122300,0
202112122315,0
202112122330,0
202112122345,0
202112130000,0
202112130015,0
202112130030,0
202112130045,0
202112130100,0
202112130115,0
202112130130,0
202112130145,0
202112130200,0
202112130215,0
202112130230,0
202112130245,0
202112130300,0
202112130315,0
202112130330,0
202112130345,0
202112130400,0
202112130415,0
202112130430,0
202112130445,0
202112130500,0
202112130515,0
202112130530,0
202112130545,0
202112130600,0
202112130615,0
202112130630,0
202112130645,0
202112130700,0
202112130715,0
202112130730,0
202112130745,0
202112130800,0
202112130815,0
202112130830,0
202112130845,0
202112130900,0
202112130915,0
202112130930,0
202112130945,0
202112131000,0
202112131015,0
202112131030,0
202112131045,0
202112131100,0
202112131115,0
202112131130,0
202112131145,0
202112131200,0
202112131215,0
202112131230,0
202112131245,0
202112131300,0
202112131315,0
202112131330,0
202112131345,0
202112131400,0
202112131415,0
202112131430,0
202112131445,0
202112131500,0
202112131515,0
202112131530,0
202112131545,0
202112131600,0
202112131615,0
202112131630,0
202112131645,0
202112131700,0
202112131715,0
202112131730,0
202112131745,0
202112131800,0
202112131815,0
202112131830,0
202112131845,0
202112131900,0
202112131915,0
202112131930,0
202112131945,0
202112132000,0
202112132015,0
202112132030,0
202112132045,0
202112132100,0
202112132115,0
202112132130,0
202112132145,0
202112132200,0
202112132215,0
202112132230,0
202112132245,0
202112132300,0
202112132315,0
202112132330,0
202112132345,0
202112140000,0
202112140015,0
202112140030,0
202112140045,0
202112140100,0
202112140115,0
202112140130,0
202112140145,0
202112140200,0
202112140215,0
202112140230,0
202112140245,0
202112140300,0
202112140315,0
202112140330,0
202112140345,0
202112140400,0
202112140415,0
202112140430,0
202112140445,0
202112140500,0
202112140515,0
202112140530,0
202112140545,0
202112140600,0
202112140615,0
202112140630,0
202112140645,0
202112140700,0
202112140715,0
202112140730,0
202112140745,0
202112140800,0
202112140815,0
202112140830,0
202112140845,0
202112140900,0
202112140915,0
202112140930,0
202112140945,0
202112141000,0
202112141015,0
202112141030,0
202112141045,0
202112141100,0
202112141115,0
202112141130,0
202112141145,0
202112141200,0
202112141215,0
202112141230,0
202112141245,0
202112141300,0
202112141315,0
202112141330,0
202112141345,0
202112141400,0
202112141415,0
202112141430,0
202112141445,0
202112141500,0
202112141515,0
202112141530,0
202112141545,0
202112141600,0
202112141615,0
202112141630,0
202112141645,0
202112141700,0
202112141715,0
202112141730,0
202112141745,0
202112141800,0
202112141815,0
202112141830,0
202112141845,0
202112141900,0
202112141915,0
202112141930,0
202112141945,0
202112142000,0
202112142015,0
202112142030,0
202112142045,0
202112142100,0
202112142115,0
202112142130,0
202112142145,0
202112142200,0
202112142215,0
202112142230,0
202112142245,0
202112142300,0
202112142315,0
202112142330,0
202112142345,0
202112150000,0
202112150015,0
202112150030,0
202112150045,0
202112150100,0
202112150115,0
202112150130,0
202112150145,0
202112150200,0
202112150215,0
202112150230,0
202112150245,0
202112150300,0
202112150315,0
202112150330,0
202112150345,0
202112150400,0
202112150415,0
202112150430,0
202112150445,0
202112150500,0
202112150515,0
202112150530,0
202112150545,0
202112150600,0
202112150615,0
202112150630,0
202112150645,0
202112150700,0
202112150715,0
202112150730,0
202112150745,0
202112150800,0
202112150815,0
202112150830,0
202112150845,0
202112150900,0
202112150915,0
202112150930,0
202112150945,0
202112151000,0
202112151015,0
202112151030,0
202112151045,0
202112151100,0
202112151115,0
202112151130,0
202112151145,0
202112151200,0
202112151215,0
202112151230,0
202112151245,0
202112151300,0
202112151315,0
202112151330,0
202112151345,0
202112151400,0
202112151415,0
202112151430,0
202112151445,0
202112151500,0
202112151515,0
202112151530,0
202112151545,0
202112151600,0
202112151615,0
202112151630,0
202112151645,0
202112151700,0
202112151715,0
202112151730,0
202112151745,0
202112151800,0
202112151815,0
202112151830,0
202112151845,0
202112151900,0
202112151915,0
202112151930,0
202112151945,0
202112152000,0
202112152015,0
202112152030,0
202112152045,0
202112152100,0
202112152115,0
202112152130,0
202112152145,0
202112152200,0
202112152215,0
202112152230,0
202112152245,0
202112152300,0
202112152315,0
202112152330,0
202112152345,0
202112160000,0
202112160015,0
202112160030,0
202112160045,0
202112160100,0
202112160115,0
202112160130,0
202112160145,0
202112160200,0
202112160215,0
202112160230,0
202112160245,0
202112160300,0
202112160315,0
202112160330,0
202112160345,0
202112160400,0
202112160415,0
202112160430,0
202112160445,0
202112160500,0
202112160515,0
202112160530,0
202112160545,0
202112160600,0
202112160615,0
202112160630,0
202112160645,0
202112160700,0
202112160715,0
202112160730,0
202112160745,0
202112160800,0
202112160815,0
202112160830,0
202112160845,0
202112160900,0
202112160915,0
202112160930,0
202112160945,0
202112161000,0
202112161015,0
202112161030,0
202112161045,0
202112161100,0
202112161115,0
202112161130,0
202112161145,0
202112161200,0
202112161215,0
202112161230,0
202112161245,0
202112161300,0
202112161315,0
202112161330,0
202112161345,0
202112161400,0
202112161415,0
202112161430,0
202112161445,0
202112161500,0
202112161515,0
202112161530,0
202112161545,0
202112161600,0
202112161615,0
202112161630,0
202112161645,0
202112161700,0
202112161715,0
202112161730,0
202112161745,0
202112161800,0
202112161815,0
202112161830,0
202112161845,0
202112161900,0
202112161915,0
202112161930,0
202112161945,0
202112162000,0
202112162015,0
202112162030,0
202112162045,0
202112162100,0
202112162115,0
202112162130,0
202112162145,0
202112162200,0
202112162215,0
202112162230,0
202112162245,0
202112162300,0
202112162315,0
202112162330,0
202112162345,0
202112170000,0
202112170015,0
202112170030,0
202112170045,0
202112170100,0
202112170115,0
202112170130,0
202112170145,0
202112170200,0
202112170215,0
202112170230,0
202112170245,0
202112170300,0
202112170315,0
202112170330,0
202112170345,0
202112170400,0
202112170415,0
202112170430,0
202112170445,0
202112170500,0
202112170515,0
202112170530,0
202112170545,0
202112170600,0
202112170615,0
202112170630,0
202112170645,0
202112170700,0
202112170715,0
202112170730,0
202112170745,0
202112170800,0
202112170815,0
202112170830,0
202112170845,0
202112170900,0
202112170915,0
202112170930,0
202112170945,0
202112171000,0
202112171015,0
202112171030,0
202112171045,0
202112171100,0
202112171115,0
202112171130,0
202112171145,0
202112171200,0
202112171215,0
202112171230,0
202112171245,0
202112171300,0
202112171315,0
202112171330,0
202112171345,0
202112171400,0
202112171415,0
202112171430,0
202112171445,0
202112171500,0
202112171515,0
202112171530,0
202112171545,0
202112171600,0
202112171615,0
202112171630,0
202112171645,0
202112171700,0
202112171715,0
202112171730,0
202112171745,0
202112171800,0
202112171815,0
202112171830,0
202112171845,0
202112171900,0
202112171915,0
202112171930,0
202112171945,0
202112172000,0
202112172015,0
202112172030,0
202112172045,0
202112172100,0
202112172115,0
202112172130,0
202112172145,0
202112172200,0
202112172215,0
202112172230,0
202112172245,0
202112172300,0
202112172315,0
202112172330,0
202112172345,0
202112180000,0
202112180015,0
202112180030,0
202112180045,0
202112180100,0
202112180115,0
202112180130,0
202112180145,0
202112180200,0
202112180215,0
202112180230,0
202112180245,0
202112180300,0
202112180315,0
202112180330,0
202112180345,0
202112180400,0
202112180415,0
202112180430,0
202112180445,0
202112180500,0
202112180515,0
202112180530,0
202112180545,0
202112180600,0
202112180615,0
202112180630,0
202112180645,0
202112180700,0
202112180715,0
202112180730,0
202112180745,0
202112180800,0
202112180815,0
202112180830,0
202112180845,0
202112180900,0
202112180915,0
202112180930,0
202112180945,0
202112181000,0
202112181015,0
202112181030,0
202112181045,0
202112181100,0
202112181115,0
202112181130,0
202112181145,0
202112181200,0
202112181215,0
202112181230,0
202112181245,0
202112181300,0
202112181315,0
202112181330,0
202112181345,0
202112181400,0
202112181415,0
202112181430,0
202112181445,0
202112181500,0
202112181515,0
202112181530,0
202112181545,0
202112181600,0
202112181615,0
202112181630,0
202112181645,0
202112181700,0
202112181715,0
202112181730,0
202112181745,0
202112181800,0
202112181815,0
202112181830,0
202112181845,0
202112181900,0
202112181915,0
202112181930,0
202112181945,0
202112182000,0
202112182015,0
202112182030,0
202112182045,0
202112182100,0
202112182115,0
202112182130,0
202112182145,0
202112182200,0
202112182215,0
202112182230,0
202112182245,0
202112182300,0
202112182315,0
202112182330,0
202112182345,0
202112190000,0
202112190015,0
202112190030,0
202112190045,0
202112190100,0
202112190115,0
202112190130,0
202112190145,0
202112190200,0
202112190215,0
202112190230,0
202112190245,0
202112190300,0
202112190315,0
202112190330,0
202112190345,0
202112190400,0
202112190415,0
202112190430,0
202112190445,0
202112190500,0
202112190515,0
202112190530,0
202112190545,0
202112190600,0
202112190615,0
202112190630,0
202112190645,0
202112190700,0
202112190715,0
202112190730,0
202112190745,0
202112190800,0
202112190815,0
202112190830,0
202112190845,0
202112190900,0
202112190915,0
202112190930,0
202112190945,0
202112191000,0
202112191015,0
202112191030,0
202112191045,0
202112191100,0
202112191115,0
202112191130,0
202112191145,0
202112191200,0
202112191215,0
202112191230,0
202112191245,0
202112191300,0
202112191315,0
202112191330,0
202112191345,0
202112191400,0
202112191415,0
202112191430,0
202112191445,0
202112191500,0
202112191515,0
202112191530,0
202112191545,0
202112191600,0
202112191615,0
202112191630,0
202112191645,0
202112191700,0
202112191715,0
202112191730,0
202112191745,0
202112191800,0
202112191815,0
202112191830,0
202112191845,0
202112191900,0
202112191915,0
202112191930,0
202112191945,0
202112192000,0
202112192015,0
202112192030,0
202112192045,0
202112192100,0
202112192115,0
202112192130,0
202112192145,0
202112192200,0
202112192215,0
202112192230,0
202112192245,0
202112192300,0
202112192315,0
202112192330,0
202112192345,0
202112200000,0
202112200015,0
202112200030,0
202112200045,0
202112200100,0
202112200115,0
202112200130,0
202112200145,0
202112200200,0
202112200215,0
202112200230,0
202112200245,0
202112200300,0
202112200315,0
202112200330,0
202112200345,0
202112200400,0
202112200415,0
202112200430,0
202112200445,0
202112200500,0
202112200515,0
202112200530,0
202112200545,0
202112200600,0
202112200615,0
202112200630,0
202112200645,0
202112200700,0
202112200715,0
202112200730,0
202112200745,0
202112200800,0
202112200815,0
202112200830,0
202112200845,0
202112200900,0
202112200915,0
202112200930,0
202112200945,0
202112201000,0
202112201015,0
202112201030,0
202112201045,0
202112201100,0
202112201115,0
202112201130,0
202112201145,0
202112201200,0
202112201215,0
202112201230,0
202112201245,0
202112201300,0
202112201315,0
202112201330,0
202112201345,0
202112201400,0
202112201415,0
202112201430,0
202112201445,0
202112201500,0
202112201515,0
202112201530,0
202112201545,0
202112201600,0
202112201615,0
202112201630,0
202112201645,0
202112201700,0
202112201715,0
202112201730,0
202112201745,0
202112201800,0
202112201815,0
202112201830,0
202112201845,0
202112201900,0
202112201915,0
202112201930,0
202112201945,0
202112202000,0
202112202015,0
202112202030,0
202112202045,0
202112202100,0
202112202115,0
202112202130,0
202112202145,0
202112202200,0
202112202215,0
202112202230,0
202112202245,0
202112202300,0
202112202315,0
202112202330,0
202112202345,0
202112210000,0
202112210015,0
202112210030,0
202112210045,0
202112210100,0
202112210115,0
202112210130,0
202112210145,0
202112210200,1
202112210215,1
202112210230,1
202112210245,1
202112210300,1
202112210315,1
202112210330,1
202112210345,1
202112210400,1
202112210415,1
202112210430,1
202112210445,0
202112210500,0
202112210515,0
202112210530,0
202112210545,0
202112210600,0
202112210615,0
202112210630,0
202112210645,0
202112210700,0
202112210715,0
202112210730,0
202112210745,0
202112210800,0
202112210815,0
202112210830,0
202112210845,0
202112210900,0
202112210915,0
202112210930,0
202112210945,0
202112211000,0
202112211015,0
202112211030,0
202112211045,0
202112211100,0
202112211115,0
202112211130,0
202112211145,0
202112211200,0
202112211215,0
202112211230,0
202112211245,0
202112211300,0
202112211315,0
202112211330,0
202112211345,0
202112211400,0
202112211415,0
202112211430,0
202112211445,0
202112211500,0
202112211515,0
202112211530,0
202112211545,0
202112211600,0
202112211615,0
202112211630,0
202112211645,0
202112211700,0
202112211715,0
202112211730,0
202112211745,0
202112211800,0
202112211815,0
202112211830,0
202112211845,0
202112211900,0
202112211915,0
202112211930,0
202112211945,0
202112212000,0
202112212015,0
202112212030,0
202112212045,0
202112212100,0
202112212115,0
202112212130,0
202112212145,0
202112212200,0
202112212215,0
202112212230,0
202112212245,0
202112212300,0
202112212315,0
202112212330,0
202112212345,0
202112220000,0
202112220015,0
202112220030,0
202112220045,0
202112220100,0
202112220115,0
202112220130,0
202112220145,0
202112220200,0
202112220215,0
202112220230,0
202112220245,0
202112220300,0
202112220315,0
202112220330,0
202112220345,0
202112220400,0
202112220415,0
202112220430,0
202112220445,0
202112220500,0
202112220515,0
202112220530,0
202112220545,0
202112220600,0
202112220615,0
202112220630,0
202112220645,0
202112220700,0
202112220715,0
202112220730,0
202112220745,0
202112220800,0
202112220815,0
202112220830,0
202112220845,0
202112220900,0
202112220915,0
202112220930,0
202112220945,0
202112221000,0
202112221015,0
202112221030,0
202112221045,0
202112221100,0
202112221115,0
202112221130,0
202112221145,0
202112221200,0
202112221215,0
202112221230,0
202112221245,0
202112221300,0
202112221315,0
202112221330,0
202112221345,0
202112221400,0
202112221415,0
202112221430,0
202112221445,0
202112221500,0
202112221515,0
202112221530,0
202112221545,0
202112221600,0
202112221615,0
202112221630,0
202112221645,0
202112221700,0
202112221715,0
202112221730,0
202112221745,0
202112221800,0
202112221815,0
202112221830,0
202112221845,0
202112221900,0
202112221915,0
202112221930,0
202112221945,0
202112222000,0
202112222015,0
202112222030,0
202112222045,0
202112222100,0
202112222115,0
202112222130,0
202112222145,0
202112222200,0
202112222215,0
202112222230,0
202112222245,0
202112222300,0
202112222315,0
202112222330,0
202112222345,0
202112230000,0
202112230015,0
202112230030,0
202112230045,0
202112230100,0
202112230115,0
202112230130,0
202112230145,0
202112230200,0
202112230215,0
202112230230,0
202112230245,0
202112230300,0
202112230315,0
202112230330,0
202112230345,0
202112230400,0
202112230415,0
202112230430,0
202112230445,0
202112230500,0
202112230515,0
202112230530,0
202112230545,0
202112230600,0
202112230615,0
202112230630,0
202112230645,0
202112230700,0
202112230715,0
202112230730,0
202112230745,0
202112230800,0
202112230815,0
202112230830,0
202112230845,0
202112230900,0
202112230915,0
202112230930,0
202112230945,0
202112231000,0
202112231015,0
202112231030,0
202112231045,0
202112231100,0
202112231115,0
202112231130,0
202112231145,0
202112231200,0
202112231215,0
202112231230,0
202112231245,0
202112231300,0
202112231315,0
202112231330,0
202112231345,0
202112231400,0
202112231415,0
202112231430,0
202112231445,0
202112231500,0
202112231515,0
202112231530,0
202112231545,0
202112231600,0
202112231615,0
202112231630,0
202112231645,0
202112231700,0
202112231715,0
202112231730,0
202112231745,0
202112231800,0
202112231815,0
202112231830,0
202112231845,0
202112231900,0
202112231915,0
202112231930,0
202112231945,0
202112232000,0
202112232015,0
202112232030,0
202112232045,0
202112232100,0
202112232115,0
202112232130,0
202112232145,0
202112232200,0
202112232215,0
202112232230,0
202112232245,0
202112232300,0
202112232315,0
202112232330,0
202112232345,0
202112240000,0
202112240015,0
202112240030,0
202112240045,0
202112240100,0
202112240115,0
202112240130,0
202112240145,0
202112240200,0
202112240215,0
202112240230,0
202112240245,0
202112240300,0
202112240315,0
202112240330,0
202112240345,0
202112240400,0
202112240415,0
202112240430,0
202112240445,0
202112240500,0
202112240515,0
202112240530,0
202112240545,0
202112240600,0
202112240615,0
202112240630,0
202112240645,0
202112240700,0
202112240715,0
202112240730,0
202112240745,0
202112240800,0
202112240815,0
202112240830,0
202112240845,0
202112240900,0
202112240915,0
202112240930,0
202112240945,0
202112241000,0
202112241015,0
202112241030,0
202112241045,0
202112241100,0
202112241115,0
202112241130,0
202112241145,0
202112241200,0
202112241215,0
202112241230,0
202112241245,0
202112241300,0
202112241315,0
202112241330,0
202112241345,0
202112241400,0
202112241415,0
202112241430,0
202112241445,0
202112241500,0
202112241515,0
202112241530,0
202112241545,0
202112241600,0
202112241615,0
202112241630,0
202112241645,0
202112241700,0
202112241715,0
202112241730,0
202112241745,0
202112241800,0
202112241815,0
202112241830,0
202112241845,0
202112241900,0
202112241915,0
202112241930,0
202112241945,0
202112242000,0
202112242015,0
202112242030,0
202112242045,0
202112242100,0
202112242115,0
202112242130,0
202112242145,0
202112242200,0
202112242215,1
202112242230,1
202112242245,1
202112242300,1
202112242315,1
202112242330,1
202112242345,1
202112250000,1
202112250015,1
202112250030,1
202112250045,1
202112250100,0
202112250115,0
202112250130,0
202112250145,0
202112250200,0
202112250215,0
202112250230,0
202112250245,0
202112250300,0
202112250315,0
202112250330,0
202112250345,0
202112250400,0
202112250415,0
202112250430,0
202112250445,0
202112250500,0
202112250515,0
202112250530,0
202112250545,0
202112250600,0
202112250615,0
202112250630,0
202112250645,0
202112250700,0
202112250715,0
202112250730,0
202112250745,0
202112250800,0
202112250815,0
202112250830,0
202112250845,0
202112250900,0
202112250915,0
202112250930,0
202112250945,0
202112251000,0
202112251015,0
202112251030,0
202112251045,0
202112251100,0
202112251115,0
202112251130,0
202112251145,0
202112251200,0
202112251215,0
202112251230,0
202112251245,0
202112251300,0
202112251315,0
202112251330,0
202112251345,0
202112251400,0
202112251415,0
202112251430,0
202112251445,0
202112251500,0
202112251515,0
202112251530,0
202112251545,0
202112251600,0
202112251615,0
202112251630,0
202112251645,0
202112251700,0
202112251715,0
202112251730,0
202112251745,0
202112251800,0
202112251815,0
202112251830,0
202112251845,0
202112251900,0
202112251915,0
202112251930,0
202112251945,0
202112252000,0
202112252015,0
202112252030,0
202112252045,0
202112252100,0
202112252115,0
202112252130,0
202112252145,0
202112252200,0
202112252215,0
202112252230,0
202112252245,0
202112252300,0
202112252315,0
202112252330,0
202112252345,0
202112260000,0
202112260015,0
202112260030,0
202112260045,0
202112260100,0
202112260115,0
202112260130,0
202112260145,0
202112260200,0
202112260215,0
202112260230,0
202112260245,0
202112260300,0
202112260315,0
202112260330,0
202112260345,0
202112260400,0
202112260415,0
202112260430,0
202112260445,0
202112260500,0
202112260515,0
202112260530,0
202112260545,0
202112260600,0
202112260615,0
202112260630,0
202112260645,0
202112260700,0
202112260715,0
202112260730,0
202112260745,0
202112260800,0
202112260815,0
202112260830,0
202112260845,0
202112260900,0
202112260915,0
202112260930,0
202112260945,0
202112261000,0
202112261015,0
202112261030,0
202112261045,0
202112261100,0
202112261115,0
202112261130,0
202112261145,0
202112261200,0
202112261215,0
202112261230,0
202112261245,0
202112261300,0
202112261315,0
202112261330,0
202112261345,0
202112261400,0
202112261415,0
202112261430,0
202112261445,0
202112261500,0
202112261515,0
202112261530,0
202112261545,0
202112261600,0
202112261615,0
202112261630,0
202112261645,0
202112261700,0
202112261715,0
202112261730,0
202112261745,0
202112261800,0
202112261815,0
202112261830,0
202112261845,0
202112261900,0
202112261915,0
202112261930,0
202112261945,0
202112262000,0
202112262015,0
202112262030,0
202112262045,0
202112262100,0
202112262115,0
202112262130,0
202112262145,0
202112262200,0
202112262215,0
202112262230,0
202112262245,0
202112262300,0
202112262315,0
202112262330,0
202112262345,0
202112270000,0
202112270015,0
202112270030,0
202112270045,0
202112270100,0
202112270115,0
202112270130,0
202112270145,0
202112270200,0
202112270215,0
202112270230,0
202112270245,0
202112270300,0
202112270315,0
202112270330,0
202112270345,0
202112270400,0
202112270415,0
202112270430,0
202112270445,0
202112270500,0
202112270515,0
202112270530,0
202112270545,0
202112270600,0
202112270615,0
202112270630,0
202112270645,0
202112270700,0
202112270715,0
202112270730,0
202112270745,0
202112270800,0
202112270815,0
202112270830,0
202112270845,0
202112270900,0
202112270915,0
202112270930,0
202112270945,0
202112271000,0
202112271015,0
202112271030,0
202112271045,1
202112271100,1
202112271115,1
202112271130,1
202112271145,1
202112271200,1
202112271215,1
202112271230,1
202112271245,1
202112271300,1
202112271315,1
202112271330,0
202112271345,0
202112271400,0
202112271415,0
202112271430,0
202112271445,0
202112271500,0
202112271515,0
202112271530,0
202112271545,0
202112271600,0
202112271615,0
202112271630,0
202112271645,0
202112271700,0
202112271715,0
202112271730,0
202112271745,0
202112271800,0
202112271815,0
202112271830,0
202112271845,0
202112271900,0
202112271915,0
202112271930,0
202112271945,0
202112272000,0
202112272015,0
202112272030,0
202112272045,0
202112272100,0
202112272115,0
202112272130,0
202112272145,0
202112272200,0
202112272215,0
202112272230,0
202112272245,0
202112272300,0
202112272315,0
202112272330,0
202112272345,0
202112280000,0
202112280015,0
202112280030,0
202112280045,0
202112280100,0
202112280115,0
202112280130,0
202112280145,0
202112280200,0
202112280215,0
202112280230,0
202112280245,0
202112280300,0
202112280315,0
202112280330,0
202112280345,0
202112280400,0
202112280415,0
202112280430,0
202112280445,0
202112280500,0
202112280515,0
202112280530,0
202112280545,0
202112280600,0
202112280615,0
202112280630,0
202112280645,0
202112280700,0
202112280715,0
202112280730,0
202112280745,0
202112280800,0
202112280815,0
202112280830,0
202112280845,0
202112280900,0
202112280915,0
202112280930,0
202112280945,0
202112281000,0
202112281015,0
202112281030,0
202112281045,0
202112281100,0
202112281115,0
202112281130,0
202112281145,0
202112281200,0
202112281215,0
202112281230,0
202112281245,0
202112281300,0
202112281315,0
202112281330,0
202112281345,0
202112281400,0
202112281415,0
202112281430,0
202112281445,0
202112281500,0
202112281515,0
202112281530,0
202112281545,0
202112281600,0
202112281615,0
202112281630,0
202112281645,0
202112281700,0
202112281715,0
202112281730,0
202112281745,0
202112281800,0
202112281815,0
202112281830,0
202112281845,0
202112281900,0
202112281915,0
202112281930,0
202112281945,0
202112282000,0
202112282015,0
202112282030,0
202112282045,0
202112282100,0
202112282115,0
202112282130,0
202112282145,0
202112282200,0
202112282215,0
202112282230,1
202112282245,1
202112282300,1
202112282315,1
202112282330,1
202112282345,1
202112290000,1
202112290015,1
202112290030,1
202112290045,1
202112290100,1
202112290115,0
202112290130,0
202112290145,0
202112290200,0
202112290215,0
202112290230,0
202112290245,0
202112290300,0
202112290315,0
202112290330,0
202112290345,0
202112290400,0
202112290415,0
202112290430,0
202112290445,0
202112290500,0
202112290515,0
202112290530,0
202112290545,0
202112290600,0
202112290615,0
202112290630,0
202112290645,0
202112290700,0
202112290715,0
202112290730,0
202112290745,0
202112290800,0
202112290815,0
202112290830,0
202112290845,0
202112290900,0
202112290915,0
202112290930,0
202112290945,0
202112291000,0
202112291015,0
202112291030,0
202112291045,0
202112291100,0
202112291115,0
202112291130,0
202112291145,0
202112291200,0
202112291215,0
202112291230,0
202112291245,0
202112291300,0
202112291315,0
202112291330,0
202112291345,0
202112291400,0
202112291415,0
202112291430,0
202112291445,0
202112291500,0
202112291515,0
202112291530,0
202112291545,0
202112291600,0
202112291615,0
202112291630,0
202112291645,0
202112291700,0
202112291715,0
202112291730,0
202112291745,0
202112291800,0
202112291815,0
202112291830,0
202112291845,0
202112291900,0
202112291915,0
202112291930,0
202112291945,0
202112292000,0
202112292015,0
202112292030,0
202112292045,0
202112292100,1
202112292115,1
202112292130,1
202112292145,1
202112292200,1
202112292215,1
202112292230,1
202112292245,1
202112292300,1
202112292315,1
202112292330,1
202112292345,0
202112300000,0
202112300015,0
202112300030,0
202112300045,0
202112300100,0
202112300115,0
202112300130,0
202112300145,0
202112300200,0
202112300215,0
202112300230,0
202112300245,0
202112300300,0
202112300315,0
202112300330,0
202112300345,0
202112300400,0
202112300415,0
202112300430,0
202112300445,0
202112300500,0
202112300515,0
202112300530,0
202112300545,0
202112300600,0
202112300615,0
202112300630,0
202112300645,0
202112300700,0
202112300715,0
202112300730,0
202112300745,0
202112300800,0
202112300815,0
202112300830,0
202112300845,0
202112300900,0
202112300915,0
202112300930,0
202112300945,0
202112301000,0
202112301015,0
202112301030,0
202112301045,0
202112301100,0
202112301115,0
202112301130,0
202112301145,0
202112301200,0
202112301215,0
202112301230,0
202112301245,0
202112301300,0
202112301315,0
202112301330,0
202112301345,0
202112301400,0
202112301415,0
202112301430,0
202112301445,0
202112301500,0
202112301515,0
202112301530,0
202112301545,0
202112301600,0
202112301615,0
202112301630,0
202112301645,0
202112301700,0
202112301715,0
202112301730,0
202112301745,0
202112301800,0
202112301815,0
202112301830,0
202112301845,0
202112301900,0
202112301915,0
202112301930,0
202112301945,0
202112302000,0
202112302015,0
202112302030,0
202112302045,0
202112302100,0
202112302115,0
202112302130,0
202112302145,0
202112302200,0
202112302215,0
202112302230,0
202112302245,1
202112302300,1
202112302315,1
202112302330,1
202112302345,1
202112310000,1
202112310015,1
202112310030,1
202112310045,1
202112310100,1
202112310115,1
202112310130,0
202112310145,0
202112310200,0
202112310215,0
202112310230,0
202112310245,0
202112310300,0
202112310315,0
202112310330,0
202112310345,0
202112310400,0
202112310415,0
202112310430,0
202112310445,0
202112310500,0
202112310515,0
202112310530,0
202112310545,0
202112310600,0
202112310615,0
202112310630,0
202112310645,0
202112310700,0
202112310715,0
202112310730,0
202112310745,0
202112310800,0
202112310815,0
202112310830,0
202112310845,0
202112310900,0
202112310915,0
202112310930,0
202112310945,0
202112311000,0
202112311015,0
202112311030,0
202112311045,0
202112311100,0
202112311115,0
202112311130,0
202112311145,0
202112311200,0
202112311215,0
202112311230,0
202112311245,0
202112311300,0
202112311315,0
202112311330,0
202112311345,0
202112311400,0
202112311415,0
202112311430,0
202112311445,0
202112311500,0
202112311515,0
202112311530,0
202112311545,0
202112311600,0
202112311615,0
202112311630,0
202112311645,0
202112311700,0
202112311715,0
202112311730,0
202112311745,0
202112311800,0
202112311815,0
202112311830,0
202112311845,0
202112311900,0
202112311915,0
202112311930,0
202112311945,1
202112312000,1
202112312015,1
202112312030,1
202112312045,1
202112312100,1
202112312115,1
202112312130,1
202112312145,1
202112312200,1
202112312215,1
202112312230,0
202112312245,0
202112312300,0
202112312315,0
202112312330,0
202112312345,0
202201010000,0
202201010015,0
202201010030,0
202201010045,0
202201010100,0
202201010115,0
202201010130,0
202201010145,0
202201010200,0
202201010215,0
202201010230,0
202201010245,0
202201010300,0
202201010315,0
202201010330,0
202201010345,0
202201010400,0
202201010415,0
202201010430,0
202201010445,0
202201010500,0
202201010515,0
202201010530,0
202201010545,0
202201010600,0
202201010615,0
202201010630,0
202201010645,0
202201010700,0
202201010715,0
202201010730,0
202201010745,0
202201010800,0
202201010815,0
202201010830,0
202201010845,0
202201010900,0
202201010915,0
202201010930,0
202201010945,0
202201011000,0
202201011015,0
202201011030,0
202201011045,0
202201011100,0
202201011115,0
202201011130,0
202201011145,0
202201011200,0
202201011215,0
202201011230,0
202201011245,0
202201011300,0
202201011315,0
202201011330,0
202201011345,0
202201011400,0
202201011415,0
202201011430,0
202201011445,0
202201011500,0
202201011515,0
202201011530,0
202201011545,1
202201011600,1
202201011615,1
202201011630,1
202201011645,1
202201011700,1
202201011715,1
202201011730,1
202201011745,1
202201011800,1
202201011815,1
202201011830,0
202201011845,0
202201011900,0
202201011915,0
202201011930,0
202201011945,0
202201012000,0
202201012015,1
202201012030,1
202201012045,1
202201012100,1
202201012115,1
202201012130,1
202201012145,1
202201012200,1
202201012215,1
202201012230,1
202201012245,1
202201012300,0
202201012315,0
202201012330,0
202201012345,0
202201020000,0
202201020015,0
202201020030,0
202201020045,0
202201020100,0
202201020115,0
202201020130,0
202201020145,0
202201020200,0
202201020215,0
202201020230,0
202201020245,0
202201020300,0
202201020315,0
202201020330,0
202201020345,0
202201020400,0
202201020415,0
202201020430,0
202201020445,0
202201020500,0
202201020515,0
202201020530,0
202201020545,0
202201020600,0
202201020615,0
202201020630,0
202201020645,0
202201020700,0
202201020715,0
202201020730,0
202201020745,0
202201020800,0
202201020815,0
202201020830,0
202201020845,0
202201020900,0
202201020915,0
202201020930,0
202201020945,0
202201021000,0
202201021015,0
202201021030,0
202201021045,0
202201021100,0
202201021115,0
202201021130,0
202201021145,0
202201021200,0
202201021215,0
202201021230,0
202201021245,0
202201021300,0
202201021315,0
202201021330,0
202201021345,0
202201021400,0
202201021415,0
202201021430,0
202201021445,0
202201021500,0
202201021515,0
202201021530,0
202201021545,0
202201021600,0
202201021615,0
202201021630,0
202201021645,1
202201021700,1
202201021715,1
202201021730,1
202201021745,1
202201021800,1
202201021815,1
202201021830,1
202201021845,1
202201021900,1
202201021915,1
202201021930,0
202201021945,0
202201022000,0
202201022015,0
202201022030,0
202201022045,0
202201022100,0
202201022115,0
202201022130,0
202201022145,0
202201022200,0
202201022215,0
202201022230,0
202201022245,0
202201022300,0
202201022315,0
202201022330,0
202201022345,0
202201030000,0
202201030015,0
202201030030,0
202201030045,0
202201030100,0
202201030115,0
202201030130,0
202201030145,0
202201030200,0
202201030215,0
202201030230,0
202201030245,0
202201030300,0
202201030315,0
202201030330,0
202201030345,0
202201030400,0
202201030415,0
202201030430,0
202201030445,0
202201030500,0
202201030515,0
202201030530,0
202201030545,0
202201030600,0
202201030615,0
202201030630,0
202201030645,0
202201030700,0
202201030715,0
202201030730,0
202201030745,0
202201030800,0
202201030815,0
202201030830,0
202201030845,0
202201030900,0
202201030915,0
202201030930,0
202201030945,0
202201031000,0
202201031015,0
202201031030,0
202201031045,0
202201031100,0
202201031115,0
202201031130,0
202201031145,0
202201031200,0
202201031215,0
202201031230,0
202201031245,0
202201031300,0
202201031315,0
202201031330,0
202201031345,0
202201031400,0
202201031415,0
202201031430,0
202201031445,0
202201031500,0
202201031515,0
202201031530,0
202201031545,0
202201031600,0
202201031615,0
202201031630,0
202201031645,0
202201031700,0
202201031715,0
202201031730,0
202201031745,0
202201031800,0
202201031815,0
202201031830,0
202201031845,0
202201031900,0
202201031915,0
202201031930,0
202201031945,0
202201032000,0
202201032015,0
202201032030,0
202201032045,0
202201032100,0
202201032115,0
202201032130,0
202201032145,0
202201032200,0
202201032215,0
202201032230,0
202201032245,0
202201032300,0
202201032315,0
202201032330,0
202201032345,0
