datetime,1,2,3,4,5
202109030000,5.0,14.0,18.0,3.0,7.0
202109030015,6.0,11.0,17.0,3.0,4.0
202109030030,6.0,10.0,15.0,3.0,4.0
202109030045,5.0,8.0,16.0,3.0,4.0
202109030100,5.0,11.0,17.0,4.0,4.0
202109030115,3.0,11.0,17.0,4.0,3.0
202109030130,4.0,10.0,14.0,3.0,2.0
202109030145,3.0,10.0,13.0,3.0,2.0
202109030200,3.0,10.0,14.0,3.0,2.0
202109030215,2.0,9.0,14.0,4.0,3.0
202109030230,2.0,9.0,11.0,2.0,4.0
202109030245,2.0,11.0,12.0,2.0,3.0
202109030300,4.0,12.0,12.0,2.0,2.0
202109030315,3.0,12.0,11.0,4.0,0.0
202109030330,3.0,12.0,13.0,4.0,0.0
202109030345,3.0,11.0,14.0,3.0,0.0
202109030400,3.0,13.0,15.0,3.0,0.0
202109030415,0.0,13.0,14.0,2.0,0.0
202109030430,0.0,14.0,13.0,2.0,0.0
202109030445,0.0,14.0,13.0,2.0,0.0
202109030500,2.0,11.0,11.0,2.0,4.0
202109030515,3.0,9.0,11.0,1.0,5.0
202109030530,3.0,9.0,14.0,3.0,4.0
202109030545,4.0,8.0,14.0,3.0,4.0
202109030600,6.0,9.0,19.0,5.0,4.0
202109030615,8.0,9.0,23.0,3.0,3.0
202109030630,7.0,11.0,25.0,6.0,6.0
202109030645,8.0,9.0,29.0,8.0,6.0
202109030700,9.0,12.0,31.0,10.0,5.0
202109030715,8.0,10.0,41.0,10.0,8.0
202109030730,12.0,13.0,37.0,8.0,7.0
202109030745,10.0,11.0,36.0,12.0,7.0
202109030800,10.0,8.0,37.0,14.0,6.0
202109030815,8.0,9.0,35.0,12.0,6.0
202109030830,9.0,7.0,33.0,14.0,7.0
202109030845,8.0,8.0,33.0,13.0,7.0
202109030900,7.0,11.0,33.0,15.0,5.0
202109030915,8.0,10.0,31.0,15.0,5.0
202109030930,9.0,10.0,34.0,14.0,6.0
202109030945,9.0,14.0,38.0,15.0,7.0
202109031000,10.0,12.0,44.0,15.0,9.0
202109031015,11.0,11.0,35.0,16.0,7.0
202109031030,12.0,12.0,36.0,15.0,10.0
202109031045,11.0,10.0,35.0,16.0,10.0
202109031100,11.0,12.0,32.0,16.0,8.0
202109031115,12.0,14.0,35.0,15.0,9.0
202109031130,12.0,14.0,36.0,13.0,7.0
202109031145,11.0,12.0,38.0,14.0,8.0
202109031200,11.0,11.0,47.0,13.0,10.0
202109031215,13.0,10.0,51.0,10.0,9.0
202109031230,13.0,11.0,47.0,13.0,9.0
202109031245,10.0,12.0,34.0,15.0,6.0
202109031300,10.0,14.0,28.0,12.0,8.0
202109031315,9.0,14.0,26.0,15.0,9.0
202109031330,9.0,16.0,28.0,16.0,9.0
202109031345,9.0,14.0,27.0,14.0,8.0
202109031400,10.0,10.0,29.0,13.0,8.0
202109031415,9.0,9.0,33.0,13.0,9.0
202109031430,9.0,9.0,33.0,14.0,10.0
202109031445,10.0,10.0,35.0,13.0,7.0
202109031500,9.0,12.0,42.0,13.0,6.0
202109031515,8.0,14.0,35.0,12.0,6.0
202109031530,9.0,13.0,35.0,14.0,8.0
202109031545,10.0,14.0,39.0,16.0,9.0
202109031600,12.0,13.0,37.0,14.0,8.0
202109031615,11.0,11.0,39.0,17.0,8.0
202109031630,12.0,12.0,40.0,15.0,8.0
202109031645,14.0,14.0,35.0,14.0,11.0
202109031700,12.0,18.0,43.0,16.0,10.0
202109031715,16.0,20.0,43.0,14.0,9.0
202109031730,20.0,17.0,44.0,14.0,10.0
202109031745,20.0,18.0,50.0,13.0,12.0
202109031800,18.0,20.0,57.0,15.0,14.0
202109031815,16.0,17.0,60.0,17.0,10.0
202109031830,13.0,19.0,57.0,16.0,10.0
202109031845,12.0,18.0,50.0,17.0,11.0
202109031900,12.0,17.0,48.0,14.0,8.0
202109031915,10.0,17.0,46.0,12.0,7.0
202109031930,11.0,19.0,45.0,13.0,6.0
202109031945,9.0,20.0,41.0,10.0,9.0
202109032000,10.0,21.0,44.0,10.0,11.0
202109032015,9.0,21.0,49.0,12.0,10.0
202109032030,10.0,22.0,44.0,11.0,8.0
202109032045,9.0,21.0,44.0,11.0,6.0
202109032100,13.0,15.0,46.0,11.0,8.0
202109032115,11.0,16.0,42.0,9.0,7.0
202109032130,10.0,17.0,36.0,8.0,7.0
202109032145,11.0,18.0,32.0,7.0,7.0
202109032200,9.0,16.0,34.0,9.0,7.0
202109032215,11.0,14.0,28.0,8.0,7.0
202109032230,10.0,15.0,31.0,7.0,6.0
202109032245,10.0,15.0,39.0,7.0,7.0
202109032300,10.0,14.0,49.0,6.0,5.0
202109032315,10.0,13.0,44.0,6.0,5.0
202109032330,9.0,15.0,37.0,9.0,4.0
202109032345,8.0,14.0,26.0,7.0,3.0
202109040000,8.0,13.0,23.0,5.0,7.0
202109040015,7.0,11.0,21.0,4.0,7.0
202109040030,6.0,13.0,18.0,3.0,6.0
202109040045,6.0,9.0,18.0,4.0,6.0
202109040100,6.0,10.0,22.0,4.0,4.0
202109040115,1.0,9.0,21.0,3.0,3.0
202109040130,1.0,10.0,19.0,4.0,3.0
202109040145,1.0,10.0,20.0,3.0,2.0
202109040200,2.0,8.0,19.0,3.0,2.0
202109040215,3.0,8.0,17.0,2.0,3.0
202109040230,3.0,8.0,14.0,3.0,2.0
202109040245,2.0,7.0,15.0,3.0,2.0
202109040300,3.0,9.0,18.0,4.0,2.0
202109040315,4.0,10.0,19.0,4.0,0.0
202109040330,5.0,10.0,18.0,3.0,0.0
202109040345,6.0,10.0,17.0,3.0,0.0
202109040400,5.0,12.0,19.0,3.0,0.0
202109040415,0.0,12.0,20.0,2.0,0.0
202109040430,0.0,12.0,19.0,2.0,0.0
202109040445,0.0,12.0,17.0,1.0,0.0
202109040500,4.0,6.0,15.0,2.0,4.0
202109040515,4.0,7.0,15.0,2.0,4.0
202109040530,4.0,5.0,16.0,2.0,5.0
202109040545,3.0,7.0,19.0,3.0,4.0
202109040600,4.0,6.0,20.0,4.0,6.0
202109040615,5.0,9.0,20.0,5.0,5.0
202109040630,5.0,8.0,18.0,5.0,6.0
202109040645,4.0,6.0,25.0,6.0,5.0
202109040700,9.0,7.0,34.0,7.0,8.0
202109040715,14.0,10.0,41.0,8.0,6.0
202109040730,8.0,9.0,35.0,9.0,6.0
202109040745,10.0,8.0,33.0,10.0,5.0
202109040800,11.0,8.0,33.0,12.0,7.0
202109040815,9.0,7.0,26.0,12.0,6.0
202109040830,9.0,9.0,32.0,11.0,7.0
202109040845,10.0,10.0,31.0,11.0,6.0
202109040900,12.0,9.0,34.0,13.0,5.0
202109040915,10.0,8.0,34.0,9.0,5.0
202109040930,10.0,8.0,39.0,11.0,4.0
202109040945,10.0,7.0,42.0,14.0,4.0
202109041000,9.0,8.0,45.0,15.0,5.0
202109041015,8.0,9.0,31.0,12.0,4.0
202109041030,8.0,9.0,33.0,12.0,5.0
202109041045,9.0,10.0,35.0,10.0,4.0
202109041100,11.0,12.0,33.0,11.0,8.0
202109041115,10.0,13.0,34.0,12.0,7.0
202109041130,10.0,11.0,37.0,13.0,7.0
202109041145,8.0,11.0,39.0,12.0,6.0
202109041200,9.0,9.0,48.0,10.0,5.0
202109041215,10.0,8.0,61.0,8.0,5.0
202109041230,11.0,9.0,52.0,10.0,6.0
202109041245,11.0,8.0,41.0,9.0,7.0
202109041300,11.0,10.0,38.0,10.0,7.0
202109041315,10.0,11.0,33.0,10.0,7.0
202109041330,9.0,11.0,34.0,11.0,7.0
202109041345,9.0,9.0,31.0,11.0,4.0
202109041400,9.0,10.0,37.0,12.0,5.0
202109041415,10.0,10.0,37.0,12.0,7.0
202109041430,12.0,11.0,38.0,15.0,7.0
202109041445,10.0,12.0,40.0,11.0,7.0
202109041500,10.0,11.0,41.0,12.0,5.0
202109041515,8.0,12.0,36.0,11.0,8.0
202109041530,10.0,11.0,42.0,13.0,9.0
202109041545,7.0,9.0,37.0,14.0,9.0
202109041600,10.0,11.0,38.0,15.0,8.0
202109041615,9.0,10.0,45.0,14.0,8.0
202109041630,11.0,12.0,42.0,12.0,9.0
202109041645,9.0,10.0,48.0,12.0,10.0
202109041700,11.0,10.0,44.0,9.0,9.0
202109041715,9.0,10.0,42.0,11.0,6.0
202109041730,10.0,10.0,43.0,14.0,7.0
202109041745,9.0,12.0,51.0,12.0,6.0
202109041800,8.0,14.0,48.0,11.0,6.0
202109041815,9.0,15.0,52.0,11.0,6.0
202109041830,7.0,15.0,53.0,11.0,6.0
202109041845,9.0,13.0,40.0,12.0,6.0
202109041900,10.0,16.0,42.0,12.0,5.0
202109041915,8.0,17.0,45.0,15.0,6.0
202109041930,7.0,17.0,40.0,14.0,6.0
202109041945,8.0,20.0,35.0,10.0,6.0
202109042000,9.0,19.0,36.0,10.0,7.0
202109042015,10.0,18.0,32.0,8.0,6.0
202109042030,11.0,21.0,33.0,8.0,5.0
202109042045,8.0,18.0,36.0,6.0,8.0
202109042100,9.0,20.0,37.0,8.0,7.0
202109042115,8.0,18.0,35.0,6.0,4.0
202109042130,6.0,16.0,31.0,5.0,5.0
202109042145,8.0,15.0,33.0,5.0,4.0
202109042200,9.0,20.0,31.0,6.0,5.0
202109042215,10.0,19.0,27.0,7.0,5.0
202109042230,10.0,20.0,30.0,6.0,3.0
202109042245,9.0,17.0,32.0,8.0,4.0
202109042300,7.0,15.0,36.0,6.0,5.0
202109042315,7.0,13.0,39.0,8.0,6.0
202109042330,7.0,15.0,33.0,10.0,4.0
202109042345,6.0,14.0,27.0,10.0,4.0
202109050000,7.0,18.0,25.0,7.0,3.0
202109050015,5.0,15.0,25.0,5.0,3.0
202109050030,5.0,13.0,25.0,6.0,3.0
202109050045,4.0,12.0,18.0,5.0,3.0
202109050100,5.0,12.0,20.0,5.0,2.0
202109050115,2.0,12.0,20.0,4.0,1.0
202109050130,2.0,10.0,21.0,4.0,1.0
202109050145,2.0,9.0,19.0,5.0,3.0
202109050200,4.0,10.0,22.0,7.0,2.0
202109050215,3.0,9.0,19.0,6.0,2.0
202109050230,3.0,8.0,16.0,4.0,2.0
202109050245,3.0,7.0,17.0,4.0,2.0
202109050300,4.0,8.0,16.0,5.0,1.0
202109050315,3.0,10.0,19.0,4.0,0.0
202109050330,4.0,10.0,17.0,5.0,0.0
202109050345,3.0,13.0,16.0,7.0,0.0
202109050400,2.0,14.0,17.0,3.0,0.0
202109050415,0.0,13.0,17.0,3.0,0.0
202109050430,0.0,14.0,16.0,3.0,0.0
202109050445,0.0,14.0,15.0,3.0,0.0
202109050500,2.0,9.0,12.0,4.0,1.0
202109050515,1.0,9.0,14.0,3.0,1.0
202109050530,2.0,10.0,15.0,5.0,2.0
202109050545,3.0,8.0,21.0,3.0,2.0
202109050600,3.0,8.0,21.0,3.0,3.0
202109050615,3.0,7.0,23.0,2.0,4.0
202109050630,6.0,8.0,25.0,3.0,5.0
202109050645,5.0,8.0,26.0,3.0,5.0
202109050700,7.0,9.0,33.0,7.0,5.0
202109050715,8.0,9.0,37.0,9.0,6.0
202109050730,10.0,12.0,32.0,7.0,7.0
202109050745,9.0,11.0,31.0,7.0,6.0
202109050800,10.0,9.0,35.0,7.0,4.0
202109050815,11.0,9.0,33.0,6.0,5.0
202109050830,7.0,8.0,36.0,4.0,4.0
202109050845,11.0,10.0,35.0,4.0,5.0
202109050900,10.0,10.0,36.0,4.0,5.0
202109050915,10.0,12.0,32.0,7.0,5.0
202109050930,11.0,13.0,32.0,6.0,8.0
202109050945,11.0,9.0,34.0,9.0,9.0
202109051000,8.0,10.0,44.0,12.0,6.0
202109051015,10.0,12.0,36.0,9.0,6.0
202109051030,11.0,10.0,38.0,8.0,5.0
202109051045,9.0,10.0,40.0,9.0,8.0
202109051100,8.0,12.0,35.0,8.0,9.0
202109051115,10.0,15.0,35.0,7.0,9.0
202109051130,11.0,16.0,34.0,10.0,7.0
202109051145,10.0,15.0,33.0,8.0,7.0
202109051200,10.0,17.0,45.0,9.0,7.0
202109051215,12.0,13.0,51.0,8.0,7.0
202109051230,13.0,14.0,46.0,9.0,8.0
202109051245,10.0,13.0,35.0,9.0,6.0
202109051300,7.0,14.0,33.0,6.0,7.0
202109051315,8.0,14.0,30.0,5.0,7.0
202109051330,7.0,14.0,34.0,6.0,5.0
202109051345,7.0,14.0,30.0,6.0,7.0
202109051400,7.0,11.0,32.0,10.0,5.0
202109051415,8.0,12.0,30.0,8.0,7.0
202109051430,8.0,11.0,36.0,10.0,6.0
202109051445,11.0,12.0,39.0,8.0,6.0
202109051500,10.0,13.0,40.0,9.0,7.0
202109051515,10.0,12.0,34.0,8.0,6.0
202109051530,11.0,12.0,35.0,9.0,8.0
202109051545,10.0,12.0,34.0,7.0,7.0
202109051600,11.0,12.0,36.0,8.0,9.0
202109051615,8.0,12.0,35.0,9.0,9.0
202109051630,10.0,11.0,41.0,8.0,8.0
202109051645,9.0,10.0,40.0,10.0,8.0
202109051700,10.0,8.0,48.0,11.0,10.0
202109051715,9.0,9.0,43.0,11.0,7.0
202109051730,11.0,11.0,41.0,12.0,8.0
202109051745,11.0,14.0,39.0,13.0,9.0
202109051800,10.0,13.0,41.0,13.0,6.0
202109051815,11.0,11.0,48.0,15.0,7.0
202109051830,10.0,12.0,43.0,14.0,6.0
202109051845,10.0,15.0,38.0,15.0,9.0
202109051900,10.0,15.0,43.0,10.0,7.0
202109051915,12.0,15.0,40.0,10.0,7.0
202109051930,13.0,14.0,35.0,10.0,7.0
202109051945,13.0,14.0,36.0,8.0,8.0
202109052000,15.0,13.0,39.0,8.0,8.0
202109052015,13.0,14.0,36.0,7.0,8.0
202109052030,13.0,17.0,30.0,9.0,6.0
202109052045,13.0,16.0,34.0,6.0,6.0
202109052100,10.0,17.0,34.0,7.0,7.0
202109052115,11.0,15.0,29.0,8.0,6.0
202109052130,10.0,15.0,29.0,7.0,5.0
202109052145,8.0,15.0,33.0,8.0,6.0
202109052200,11.0,18.0,30.0,11.0,5.0
202109052215,8.0,17.0,32.0,9.0,6.0
202109052230,8.0,15.0,30.0,9.0,7.0
202109052245,10.0,14.0,36.0,8.0,5.0
202109052300,12.0,16.0,44.0,5.0,4.0
202109052315,9.0,15.0,43.0,3.0,4.0
202109052330,8.0,15.0,31.0,7.0,5.0
202109052345,7.0,16.0,21.0,6.0,3.0
202109060000,6.0,14.0,23.0,5.0,2.0
202109060015,6.0,13.0,22.0,5.0,3.0
202109060030,6.0,11.0,22.0,6.0,2.0
202109060045,6.0,11.0,20.0,6.0,2.0
202109060100,4.0,10.0,18.0,4.0,2.0
202109060115,1.0,11.0,20.0,5.0,2.0
202109060130,1.0,11.0,20.0,4.0,2.0
202109060145,1.0,11.0,18.0,4.0,2.0
202109060200,2.0,11.0,22.0,6.0,2.0
202109060215,2.0,13.0,21.0,5.0,3.0
202109060230,2.0,10.0,21.0,6.0,2.0
202109060245,1.0,8.0,22.0,5.0,2.0
202109060300,3.0,10.0,18.0,6.0,2.0
202109060315,4.0,11.0,17.0,5.0,0.0
202109060330,3.0,12.0,15.0,5.0,0.0
202109060345,3.0,14.0,16.0,3.0,0.0
202109060400,2.0,18.0,16.0,2.0,0.0
202109060415,0.0,20.0,18.0,3.0,0.0
202109060430,0.0,19.0,18.0,3.0,0.0
202109060445,0.0,17.0,19.0,3.0,0.0
202109060500,2.0,10.0,13.0,1.0,5.0
202109060515,3.0,10.0,14.0,2.0,5.0
202109060530,2.0,9.0,16.0,2.0,6.0
202109060545,3.0,11.0,18.0,3.0,3.0
202109060600,5.0,9.0,19.0,4.0,4.0
202109060615,6.0,9.0,16.0,5.0,4.0
202109060630,6.0,14.0,21.0,3.0,3.0
202109060645,7.0,14.0,23.0,6.0,4.0
202109060700,9.0,13.0,36.0,8.0,6.0
202109060715,11.0,12.0,44.0,10.0,6.0
202109060730,12.0,14.0,43.0,12.0,5.0
202109060745,13.0,20.0,41.0,15.0,5.0
202109060800,14.0,18.0,49.0,15.0,8.0
202109060815,10.0,11.0,41.0,16.0,6.0
202109060830,7.0,9.0,42.0,12.0,5.0
202109060845,8.0,11.0,42.0,12.0,6.0
202109060900,9.0,11.0,43.0,11.0,6.0
202109060915,9.0,9.0,34.0,12.0,4.0
202109060930,10.0,9.0,36.0,12.0,4.0
202109060945,7.0,9.0,39.0,14.0,7.0
202109061000,8.0,9.0,43.0,14.0,5.0
202109061015,10.0,8.0,37.0,14.0,6.0
202109061030,10.0,7.0,32.0,15.0,7.0
202109061045,8.0,9.0,31.0,15.0,7.0
202109061100,10.0,11.0,32.0,17.0,7.0
202109061115,11.0,14.0,33.0,17.0,6.0
202109061130,11.0,14.0,35.0,14.0,5.0
202109061145,8.0,13.0,35.0,14.0,8.0
202109061200,10.0,12.0,43.0,12.0,7.0
202109061215,9.0,11.0,57.0,9.0,7.0
202109061230,10.0,12.0,51.0,13.0,8.0
202109061245,9.0,11.0,37.0,11.0,8.0
202109061300,11.0,10.0,32.0,9.0,7.0
202109061315,9.0,13.0,35.0,10.0,8.0
202109061330,8.0,15.0,36.0,11.0,8.0
202109061345,9.0,11.0,37.0,13.0,9.0
202109061400,11.0,9.0,37.0,17.0,8.0
202109061415,7.0,8.0,36.0,16.0,10.0
202109061430,7.0,7.0,35.0,14.0,9.0
202109061445,7.0,7.0,40.0,12.0,7.0
202109061500,8.0,6.0,38.0,14.0,7.0
202109061515,7.0,9.0,34.0,14.0,8.0
202109061530,7.0,8.0,38.0,13.0,7.0
202109061545,7.0,7.0,39.0,13.0,7.0
202109061600,7.0,6.0,39.0,14.0,8.0
202109061615,8.0,8.0,38.0,13.0,7.0
202109061630,7.0,9.0,36.0,12.0,7.0
202109061645,9.0,13.0,37.0,12.0,8.0
202109061700,7.0,15.0,42.0,15.0,6.0
202109061715,8.0,19.0,45.0,11.0,6.0
202109061730,12.0,19.0,49.0,13.0,8.0
202109061745,12.0,16.0,57.0,14.0,6.0
202109061800,11.0,16.0,59.0,14.0,6.0
202109061815,8.0,17.0,53.0,15.0,7.0
202109061830,8.0,17.0,44.0,15.0,6.0
202109061845,9.0,21.0,40.0,13.0,9.0
202109061900,10.0,22.0,41.0,16.0,8.0
202109061915,10.0,18.0,43.0,14.0,9.0
202109061930,13.0,17.0,40.0,12.0,8.0
202109061945,17.0,20.0,35.0,12.0,8.0
202109062000,20.0,19.0,34.0,9.0,8.0
202109062015,17.0,18.0,34.0,8.0,8.0
202109062030,14.0,15.0,33.0,9.0,7.0
202109062045,14.0,15.0,35.0,8.0,5.0
202109062100,10.0,16.0,43.0,10.0,6.0
202109062115,12.0,15.0,35.0,10.0,6.0
202109062130,9.0,16.0,34.0,9.0,7.0
202109062145,8.0,17.0,33.0,8.0,7.0
202109062200,8.0,18.0,33.0,7.0,8.0
202109062215,8.0,16.0,33.0,7.0,6.0
202109062230,7.0,12.0,31.0,6.0,6.0
202109062245,10.0,11.0,36.0,7.0,5.0
202109062300,10.0,12.0,40.0,4.0,5.0
202109062315,9.0,10.0,37.0,4.0,5.0
202109062330,9.0,8.0,26.0,8.0,4.0
202109062345,7.0,6.0,19.0,7.0,6.0
202109070000,7.0,5.0,20.0,7.0,7.0
202109070015,7.0,6.0,18.0,6.0,5.0
202109070030,6.0,5.0,20.0,5.0,5.0
202109070045,6.0,5.0,19.0,5.0,6.0
202109070100,6.0,7.0,21.0,5.0,5.0
202109070115,3.0,8.0,23.0,5.0,2.0
202109070130,3.0,7.0,20.0,6.0,2.0
202109070145,3.0,7.0,19.0,4.0,2.0
202109070200,3.0,5.0,21.0,6.0,2.0
202109070215,2.0,8.0,18.0,3.0,3.0
202109070230,3.0,5.0,17.0,2.0,3.0
202109070245,2.0,7.0,16.0,3.0,3.0
202109070300,3.0,7.0,17.0,5.0,3.0
202109070315,3.0,6.0,18.0,4.0,0.0
202109070330,4.0,8.0,16.0,4.0,0.0
202109070345,3.0,6.0,16.0,4.0,0.0
202109070400,1.0,10.0,15.0,3.0,0.0
202109070415,0.0,11.0,14.0,2.0,0.0
202109070430,0.0,12.0,16.0,2.0,0.0
202109070445,0.0,12.0,13.0,4.0,0.0
202109070500,2.0,6.0,12.0,3.0,3.0
202109070515,3.0,6.0,16.0,3.0,3.0
202109070530,2.0,7.0,17.0,2.0,4.0
202109070545,3.0,8.0,17.0,2.0,4.0
202109070600,7.0,7.0,17.0,4.0,5.0
202109070615,4.0,10.0,14.0,4.0,7.0
202109070630,5.0,12.0,18.0,4.0,7.0
202109070645,7.0,13.0,23.0,5.0,6.0
202109070700,7.0,12.0,32.0,10.0,4.0
202109070715,9.0,13.0,42.0,12.0,5.0
202109070730,11.0,13.0,39.0,10.0,4.0
202109070745,11.0,14.0,36.0,15.0,6.0
202109070800,11.0,11.0,39.0,15.0,4.0
202109070815,10.0,9.0,38.0,13.0,6.0
202109070830,6.0,8.0,35.0,12.0,5.0
202109070845,8.0,8.0,30.0,12.0,5.0
202109070900,8.0,9.0,30.0,14.0,4.0
202109070915,8.0,7.0,33.0,14.0,7.0
202109070930,6.0,8.0,32.0,14.0,7.0
202109070945,6.0,7.0,35.0,15.0,5.0
202109071000,9.0,6.0,37.0,15.0,8.0
202109071015,10.0,8.0,33.0,18.0,6.0
202109071030,9.0,8.0,33.0,17.0,6.0
202109071045,8.0,10.0,31.0,15.0,6.0
202109071100,8.0,9.0,29.0,18.0,6.0
202109071115,10.0,16.0,33.0,17.0,7.0
202109071130,11.0,18.0,34.0,12.0,7.0
202109071145,9.0,14.0,38.0,12.0,7.0
202109071200,11.0,13.0,51.0,10.0,6.0
202109071215,12.0,13.0,55.0,8.0,3.0
202109071230,10.0,15.0,45.0,12.0,6.0
202109071245,10.0,14.0,40.0,10.0,3.0
202109071300,12.0,14.0,33.0,8.0,4.0
202109071315,11.0,16.0,29.0,11.0,4.0
202109071330,10.0,19.0,31.0,13.0,5.0
202109071345,11.0,17.0,34.0,13.0,6.0
202109071400,9.0,10.0,39.0,13.0,7.0
202109071415,8.0,8.0,37.0,17.0,6.0
202109071430,7.0,8.0,35.0,17.0,8.0
202109071445,9.0,8.0,37.0,15.0,6.0
202109071500,11.0,8.0,42.0,15.0,7.0
202109071515,11.0,9.0,42.0,12.0,7.0
202109071530,8.0,9.0,38.0,13.0,7.0
202109071545,8.0,10.0,33.0,12.0,6.0
202109071600,8.0,9.0,35.0,12.0,7.0
202109071615,10.0,10.0,36.0,15.0,6.0
202109071630,9.0,12.0,41.0,13.0,9.0
202109071645,10.0,15.0,39.0,15.0,9.0
202109071700,10.0,15.0,42.0,10.0,10.0
202109071715,11.0,16.0,45.0,14.0,11.0
202109071730,14.0,19.0,48.0,12.0,10.0
202109071745,14.0,20.0,50.0,16.0,10.0
202109071800,14.0,20.0,55.0,14.0,9.0
202109071815,10.0,19.0,57.0,16.0,9.0
202109071830,11.0,19.0,52.0,12.0,6.0
202109071845,10.0,22.0,46.0,17.0,9.0
202109071900,9.0,17.0,50.0,16.0,10.0
202109071915,10.0,15.0,47.0,14.0,8.0
202109071930,11.0,17.0,47.0,15.0,10.0
202109071945,17.0,18.0,48.0,13.0,12.0
202109072000,21.0,18.0,45.0,12.0,9.0
202109072015,16.0,17.0,43.0,12.0,11.0
202109072030,16.0,17.0,41.0,10.0,7.0
202109072045,12.0,18.0,42.0,11.0,8.0
202109072100,10.0,16.0,41.0,13.0,9.0
202109072115,10.0,19.0,35.0,9.0,9.0
202109072130,13.0,18.0,40.0,10.0,9.0
202109072145,15.0,16.0,36.0,10.0,7.0
202109072200,13.0,15.0,37.0,11.0,6.0
202109072215,13.0,17.0,38.0,8.0,8.0
202109072230,13.0,17.0,34.0,7.0,8.0
202109072245,11.0,13.0,36.0,9.0,8.0
202109072300,11.0,16.0,35.0,6.0,7.0
202109072315,11.0,14.0,35.0,5.0,3.0
202109072330,8.0,9.0,26.0,11.0,1.0
202109072345,9.0,9.0,23.0,9.0,1.0
202109080000,6.0,6.0,19.0,6.0,3.0
202109080015,6.0,6.0,16.0,5.0,3.0
202109080030,5.0,5.0,16.0,6.0,4.0
202109080045,4.0,7.0,15.0,5.0,3.0
202109080100,4.0,9.0,19.0,5.0,4.0
202109080115,2.0,8.0,21.0,4.0,2.0
202109080130,3.0,6.0,19.0,5.0,1.0
202109080145,3.0,9.0,18.0,3.0,1.0
202109080200,3.0,10.0,19.0,4.0,1.0
202109080215,3.0,9.0,17.0,4.0,1.0
202109080230,3.0,8.0,17.0,5.0,1.0
202109080245,3.0,6.0,17.0,4.0,1.0
202109080300,3.0,7.0,17.0,5.0,1.0
202109080315,3.0,8.0,14.0,4.0,0.0
202109080330,2.0,8.0,15.0,2.0,0.0
202109080345,3.0,8.0,17.0,4.0,0.0
202109080400,2.0,9.0,17.0,4.0,0.0
202109080415,0.0,11.0,15.0,5.0,0.0
202109080430,0.0,12.0,12.0,2.0,0.0
202109080445,0.0,11.0,15.0,2.0,0.0
202109080500,1.0,7.0,11.0,4.0,3.0
202109080515,4.0,5.0,10.0,4.0,2.0
202109080530,3.0,5.0,14.0,3.0,2.0
202109080545,4.0,8.0,13.0,4.0,3.0
202109080600,5.0,7.0,21.0,6.0,3.0
202109080615,5.0,8.0,26.0,7.0,5.0
202109080630,7.0,11.0,27.0,10.0,6.0
202109080645,8.0,11.0,27.0,13.0,7.0
202109080700,9.0,13.0,38.0,13.0,6.0
202109080715,9.0,12.0,41.0,11.0,6.0
202109080730,12.0,14.0,39.0,9.0,6.0
202109080745,13.0,14.0,42.0,13.0,5.0
202109080800,13.0,13.0,42.0,11.0,6.0
202109080815,11.0,9.0,41.0,12.0,6.0
202109080830,8.0,8.0,40.0,11.0,7.0
202109080845,9.0,9.0,36.0,13.0,9.0
202109080900,7.0,8.0,36.0,17.0,9.0
202109080915,9.0,8.0,38.0,15.0,8.0
202109080930,7.0,10.0,38.0,14.0,7.0
202109080945,9.0,11.0,38.0,15.0,8.0
202109081000,12.0,12.0,44.0,15.0,10.0
202109081015,10.0,12.0,36.0,13.0,11.0
202109081030,10.0,10.0,38.0,16.0,10.0
202109081045,15.0,12.0,34.0,15.0,9.0
202109081100,14.0,13.0,37.0,12.0,7.0
202109081115,10.0,14.0,36.0,14.0,6.0
202109081130,12.0,16.0,39.0,15.0,7.0
202109081145,11.0,16.0,37.0,14.0,9.0
202109081200,11.0,17.0,47.0,10.0,10.0
202109081215,12.0,17.0,58.0,8.0,7.0
202109081230,9.0,14.0,51.0,11.0,8.0
202109081245,8.0,14.0,38.0,13.0,8.0
202109081300,9.0,15.0,33.0,10.0,8.0
202109081315,10.0,14.0,34.0,12.0,8.0
202109081330,10.0,15.0,36.0,11.0,9.0
202109081345,12.0,13.0,39.0,13.0,7.0
202109081400,12.0,13.0,36.0,13.0,8.0
202109081415,11.0,13.0,41.0,12.0,8.0
202109081430,9.0,12.0,43.0,13.0,8.0
202109081445,9.0,13.0,43.0,12.0,11.0
202109081500,8.0,13.0,48.0,16.0,11.0
202109081515,8.0,11.0,38.0,15.0,8.0
202109081530,10.0,10.0,34.0,15.0,9.0
202109081545,9.0,9.0,35.0,16.0,9.0
202109081600,8.0,11.0,42.0,14.0,10.0
202109081615,9.0,13.0,38.0,15.0,10.0
202109081630,10.0,13.0,36.0,17.0,8.0
202109081645,12.0,15.0,39.0,17.0,10.0
202109081700,13.0,16.0,48.0,14.0,10.0
202109081715,12.0,18.0,44.0,13.0,11.0
202109081730,12.0,17.0,46.0,15.0,10.0
202109081745,14.0,19.0,52.0,14.0,10.0
202109081800,14.0,17.0,57.0,14.0,11.0
202109081815,13.0,21.0,55.0,16.0,9.0
202109081830,12.0,20.0,48.0,14.0,10.0
202109081845,13.0,18.0,51.0,16.0,11.0
202109081900,14.0,17.0,48.0,19.0,11.0
202109081915,13.0,19.0,42.0,17.0,9.0
202109081930,16.0,18.0,47.0,17.0,9.0
202109081945,17.0,20.0,44.0,16.0,8.0
202109082000,20.0,21.0,46.0,14.0,9.0
202109082015,21.0,21.0,44.0,11.0,11.0
202109082030,20.0,24.0,45.0,8.0,12.0
202109082045,14.0,21.0,37.0,10.0,15.0
202109082100,13.0,18.0,41.0,12.0,14.0
202109082115,12.0,17.0,37.0,10.0,10.0
202109082130,10.0,24.0,32.0,11.0,11.0
202109082145,10.0,24.0,38.0,8.0,8.0
202109082200,8.0,22.0,34.0,8.0,6.0
202109082215,9.0,22.0,35.0,8.0,8.0
202109082230,8.0,18.0,33.0,6.0,5.0
202109082245,8.0,18.0,36.0,6.0,5.0
202109082300,9.0,15.0,47.0,6.0,6.0
202109082315,7.0,17.0,41.0,5.0,4.0
202109082330,8.0,15.0,30.0,11.0,3.0
202109082345,9.0,14.0,27.0,8.0,4.0
202109090000,7.0,13.0,25.0,6.0,4.0
202109090015,4.0,13.0,23.0,6.0,4.0
202109090030,4.0,11.0,20.0,6.0,4.0
202109090045,4.0,12.0,18.0,6.0,4.0
202109090100,3.0,9.0,20.0,7.0,3.0
202109090115,2.0,7.0,19.0,4.0,2.0
202109090130,2.0,6.0,17.0,5.0,2.0
202109090145,2.0,5.0,17.0,5.0,2.0
202109090200,3.0,7.0,20.0,7.0,1.0
202109090215,2.0,6.0,17.0,6.0,0.0
202109090230,3.0,6.0,17.0,4.0,0.0
202109090245,2.0,5.0,17.0,4.0,0.0
202109090300,3.0,6.0,18.0,7.0,0.0
202109090315,3.0,7.0,17.0,7.0,0.0
202109090330,1.0,8.0,19.0,5.0,0.0
202109090345,2.0,7.0,20.0,6.0,0.0
202109090400,2.0,10.0,18.0,5.0,0.0
202109090415,0.0,9.0,18.0,6.0,0.0
202109090430,0.0,11.0,20.0,5.0,0.0
202109090445,0.0,10.0,24.0,7.0,0.0
202109090500,3.0,6.0,21.0,7.0,3.0
202109090515,2.0,6.0,19.0,5.0,4.0
202109090530,3.0,6.0,17.0,4.0,4.0
202109090545,4.0,6.0,21.0,4.0,4.0
202109090600,5.0,9.0,19.0,5.0,4.0
202109090615,7.0,8.0,19.0,6.0,3.0
202109090630,8.0,11.0,24.0,8.0,4.0
202109090645,8.0,10.0,25.0,10.0,5.0
202109090700,8.0,11.0,40.0,13.0,5.0
202109090715,10.0,11.0,48.0,13.0,7.0
202109090730,12.0,12.0,44.0,11.0,7.0
202109090745,13.0,16.0,42.0,15.0,8.0
202109090800,12.0,11.0,44.0,15.0,5.0
202109090815,11.0,11.0,36.0,14.0,7.0
202109090830,10.0,12.0,31.0,14.0,6.0
202109090845,9.0,10.0,29.0,14.0,6.0
202109090900,9.0,13.0,32.0,12.0,6.0
202109090915,10.0,10.0,31.0,12.0,7.0
202109090930,11.0,9.0,34.0,15.0,8.0
202109090945,10.0,11.0,37.0,16.0,8.0
202109091000,11.0,10.0,42.0,15.0,8.0
202109091015,10.0,10.0,34.0,17.0,9.0
202109091030,12.0,11.0,35.0,17.0,11.0
202109091045,10.0,12.0,36.0,16.0,9.0
202109091100,11.0,12.0,32.0,13.0,8.0
202109091115,10.0,14.0,31.0,14.0,8.0
202109091130,11.0,16.0,37.0,14.0,8.0
202109091145,9.0,15.0,42.0,13.0,8.0
202109091200,10.0,16.0,51.0,12.0,7.0
202109091215,8.0,15.0,57.0,9.0,6.0
202109091230,6.0,16.0,52.0,14.0,6.0
202109091245,7.0,13.0,37.0,15.0,6.0
202109091300,7.0,13.0,35.0,12.0,8.0
202109091315,8.0,13.0,32.0,13.0,7.0
202109091330,10.0,12.0,36.0,14.0,7.0
202109091345,9.0,10.0,36.0,13.0,7.0
202109091400,10.0,11.0,38.0,16.0,6.0
202109091415,9.0,11.0,35.0,14.0,5.0
202109091430,8.0,14.0,30.0,13.0,9.0
202109091445,8.0,10.0,34.0,14.0,7.0
202109091500,7.0,12.0,41.0,14.0,6.0
202109091515,9.0,13.0,32.0,13.0,7.0
202109091530,7.0,12.0,35.0,13.0,9.0
202109091545,8.0,13.0,35.0,13.0,8.0
202109091600,8.0,12.0,34.0,12.0,7.0
202109091615,7.0,13.0,33.0,15.0,7.0
202109091630,8.0,15.0,36.0,13.0,8.0
202109091645,8.0,14.0,35.0,12.0,7.0
202109091700,10.0,17.0,37.0,13.0,8.0
202109091715,11.0,19.0,38.0,12.0,7.0
202109091730,13.0,20.0,39.0,13.0,8.0
202109091745,13.0,17.0,45.0,14.0,8.0
202109091800,12.0,18.0,54.0,14.0,10.0
202109091815,11.0,17.0,53.0,19.0,8.0
202109091830,11.0,19.0,46.0,16.0,7.0
202109091845,10.0,20.0,44.0,19.0,6.0
202109091900,12.0,21.0,50.0,15.0,10.0
202109091915,11.0,18.0,52.0,12.0,9.0
202109091930,14.0,17.0,48.0,15.0,9.0
202109091945,15.0,18.0,45.0,15.0,10.0
202109092000,17.0,21.0,46.0,15.0,11.0
202109092015,14.0,20.0,43.0,11.0,11.0
202109092030,13.0,20.0,41.0,10.0,10.0
202109092045,11.0,18.0,43.0,10.0,9.0
202109092100,12.0,19.0,40.0,10.0,9.0
202109092115,9.0,19.0,35.0,8.0,5.0
202109092130,11.0,15.0,35.0,6.0,7.0
202109092145,10.0,15.0,31.0,6.0,9.0
202109092200,10.0,16.0,32.0,6.0,6.0
202109092215,10.0,18.0,29.0,6.0,4.0
202109092230,7.0,18.0,32.0,7.0,4.0
202109092245,8.0,21.0,38.0,7.0,5.0
202109092300,8.0,21.0,47.0,8.0,5.0
202109092315,10.0,18.0,46.0,8.0,5.0
202109092330,9.0,15.0,36.0,11.0,5.0
202109092345,9.0,15.0,26.0,10.0,4.0
202109100000,7.0,14.0,21.0,7.0,5.0
202109100015,4.0,13.0,22.0,7.0,5.0
202109100030,4.0,11.0,22.0,6.0,6.0
202109100045,4.0,10.0,18.0,5.0,5.0
202109100100,4.0,10.0,19.0,6.0,4.0
202109100115,1.0,8.0,19.0,5.0,4.0
202109100130,1.0,7.0,18.0,5.0,4.0
202109100145,1.0,6.0,19.0,5.0,3.0
202109100200,2.0,6.0,24.0,7.0,2.0
202109100215,2.0,5.0,19.0,5.0,0.0
202109100230,2.0,5.0,15.0,4.0,0.0
202109100245,2.0,5.0,16.0,3.0,0.0
202109100300,4.0,6.0,16.0,4.0,0.0
202109100315,3.0,6.0,16.0,5.0,0.0
202109100330,3.0,6.0,17.0,6.0,0.0
202109100345,3.0,6.0,16.0,7.0,0.0
202109100400,3.0,6.0,19.0,5.0,0.0
202109100415,0.0,7.0,16.0,4.0,0.0
202109100430,0.0,8.0,16.0,4.0,0.0
202109100445,0.0,9.0,14.0,5.0,0.0
202109100500,1.0,6.0,12.0,5.0,1.0
202109100515,3.0,7.0,14.0,6.0,1.0
202109100530,4.0,7.0,16.0,5.0,2.0
202109100545,4.0,8.0,16.0,6.0,2.0
202109100600,7.0,7.0,17.0,8.0,2.0
202109100615,6.0,7.0,15.0,8.0,3.0
202109100630,8.0,8.0,23.0,7.0,5.0
202109100645,10.0,8.0,26.0,9.0,4.0
202109100700,10.0,9.0,30.0,11.0,7.0
202109100715,11.0,10.0,42.0,14.0,6.0
202109100730,11.0,12.0,38.0,13.0,8.0
202109100745,12.0,14.0,40.0,16.0,9.0
202109100800,12.0,12.0,42.0,18.0,7.0
202109100815,9.0,9.0,35.0,13.0,9.0
202109100830,10.0,7.0,33.0,14.0,10.0
202109100845,10.0,8.0,30.0,14.0,8.0
202109100900,11.0,9.0,32.0,15.0,8.0
202109100915,11.0,8.0,33.0,14.0,9.0
202109100930,9.0,8.0,31.0,18.0,7.0
202109100945,10.0,11.0,36.0,16.0,10.0
202109101000,11.0,12.0,41.0,14.0,9.0
202109101015,11.0,10.0,41.0,11.0,6.0
202109101030,12.0,8.0,38.0,14.0,10.0
202109101045,12.0,9.0,35.0,12.0,9.0
202109101100,14.0,13.0,36.0,14.0,10.0
202109101115,15.0,17.0,37.0,18.0,9.0
202109101130,14.0,17.0,42.0,15.0,8.0
202109101145,12.0,13.0,40.0,12.0,5.0
202109101200,13.0,14.0,51.0,12.0,7.0
202109101215,11.0,17.0,50.0,9.0,6.0
202109101230,11.0,16.0,46.0,12.0,7.0
202109101245,12.0,17.0,33.0,13.0,6.0
202109101300,12.0,15.0,27.0,8.0,5.0
202109101315,11.0,14.0,24.0,10.0,8.0
202109101330,10.0,13.0,27.0,13.0,10.0
202109101345,10.0,12.0,30.0,11.0,11.0
202109101400,12.0,8.0,37.0,12.0,8.0
202109101415,10.0,8.0,33.0,14.0,9.0
202109101430,10.0,10.0,33.0,14.0,8.0
202109101445,8.0,11.0,37.0,17.0,9.0
202109101500,11.0,13.0,46.0,18.0,10.0
202109101515,11.0,13.0,38.0,16.0,8.0
202109101530,10.0,15.0,39.0,15.0,9.0
202109101545,10.0,13.0,40.0,12.0,9.0
202109101600,9.0,14.0,36.0,14.0,9.0
202109101615,10.0,14.0,38.0,13.0,10.0
202109101630,11.0,14.0,42.0,16.0,11.0
202109101645,10.0,16.0,42.0,15.0,10.0
202109101700,12.0,18.0,39.0,15.0,9.0
202109101715,12.0,23.0,42.0,11.0,9.0
202109101730,19.0,26.0,46.0,11.0,10.0
202109101745,17.0,21.0,49.0,16.0,10.0
202109101800,17.0,20.0,57.0,16.0,8.0
202109101815,19.0,19.0,52.0,17.0,9.0
202109101830,12.0,18.0,51.0,21.0,8.0
202109101845,15.0,16.0,51.0,17.0,6.0
202109101900,12.0,19.0,43.0,13.0,7.0
202109101915,11.0,21.0,47.0,13.0,7.0
202109101930,15.0,21.0,48.0,14.0,7.0
202109101945,15.0,19.0,47.0,11.0,7.0
202109102000,16.0,16.0,48.0,12.0,8.0
202109102015,15.0,18.0,42.0,11.0,8.0
202109102030,13.0,16.0,45.0,11.0,9.0
202109102045,9.0,19.0,46.0,11.0,9.0
202109102100,10.0,18.0,43.0,10.0,7.0
202109102115,13.0,18.0,39.0,9.0,7.0
202109102130,11.0,18.0,34.0,7.0,6.0
202109102145,15.0,19.0,29.0,7.0,9.0
202109102200,14.0,19.0,30.0,5.0,7.0
202109102215,11.0,16.0,32.0,5.0,8.0
202109102230,12.0,14.0,33.0,5.0,6.0
202109102245,13.0,15.0,37.0,7.0,5.0
202109102300,12.0,13.0,43.0,7.0,4.0
202109102315,10.0,11.0,40.0,5.0,4.0
202109102330,8.0,12.0,29.0,6.0,4.0
202109102345,6.0,12.0,25.0,7.0,3.0
202109110000,8.0,14.0,24.0,6.0,3.0
202109110015,3.0,11.0,21.0,6.0,3.0
202109110030,5.0,10.0,20.0,6.0,3.0
202109110045,4.0,11.0,18.0,5.0,2.0
202109110100,4.0,8.0,18.0,5.0,4.0
202109110115,2.0,7.0,17.0,5.0,3.0
202109110130,2.0,7.0,14.0,5.0,4.0
202109110145,2.0,7.0,18.0,4.0,3.0
202109110200,2.0,7.0,21.0,7.0,3.0
202109110215,2.0,7.0,18.0,4.0,0.0
202109110230,2.0,6.0,15.0,4.0,0.0
202109110245,2.0,7.0,16.0,4.0,0.0
202109110300,2.0,6.0,13.0,4.0,0.0
202109110315,2.0,6.0,12.0,4.0,0.0
202109110330,3.0,6.0,11.0,3.0,0.0
202109110345,2.0,7.0,11.0,4.0,0.0
202109110400,0.0,7.0,10.0,4.0,0.0
202109110415,0.0,9.0,12.0,4.0,0.0
202109110430,0.0,10.0,12.0,3.0,0.0
202109110445,0.0,9.0,15.0,3.0,0.0
202109110500,3.0,5.0,12.0,2.0,2.0
202109110515,5.0,6.0,13.0,4.0,2.0
202109110530,4.0,6.0,20.0,6.0,3.0
202109110545,5.0,9.0,16.0,2.0,4.0
202109110600,5.0,7.0,16.0,4.0,4.0
202109110615,5.0,7.0,15.0,4.0,5.0
202109110630,6.0,10.0,19.0,5.0,5.0
202109110645,8.0,10.0,25.0,9.0,5.0
202109110700,8.0,7.0,34.0,11.0,6.0
202109110715,10.0,8.0,42.0,12.0,5.0
202109110730,8.0,9.0,35.0,11.0,5.0
202109110745,8.0,14.0,35.0,12.0,5.0
202109110800,6.0,13.0,38.0,10.0,4.0
202109110815,5.0,11.0,33.0,10.0,6.0
202109110830,8.0,11.0,34.0,8.0,5.0
202109110845,7.0,11.0,30.0,10.0,7.0
202109110900,10.0,11.0,33.0,7.0,5.0
202109110915,9.0,10.0,36.0,10.0,6.0
202109110930,9.0,8.0,32.0,11.0,4.0
202109110945,10.0,10.0,33.0,11.0,5.0
202109111000,10.0,12.0,40.0,11.0,6.0
202109111015,7.0,12.0,31.0,12.0,7.0
202109111030,7.0,11.0,30.0,12.0,7.0
202109111045,7.0,11.0,35.0,11.0,7.0
202109111100,10.0,12.0,34.0,13.0,6.0
202109111115,8.0,13.0,34.0,10.0,6.0
202109111130,8.0,14.0,37.0,11.0,6.0
202109111145,8.0,15.0,36.0,11.0,6.0
202109111200,9.0,15.0,42.0,12.0,6.0
202109111215,8.0,15.0,45.0,8.0,6.0
202109111230,8.0,14.0,42.0,13.0,4.0
202109111245,9.0,15.0,29.0,13.0,5.0
202109111300,8.0,15.0,24.0,10.0,4.0
202109111315,7.0,11.0,24.0,10.0,4.0
202109111330,6.0,12.0,24.0,9.0,4.0
202109111345,8.0,11.0,29.0,10.0,5.0
202109111400,8.0,11.0,27.0,12.0,6.0
202109111415,8.0,10.0,30.0,10.0,7.0
202109111430,6.0,11.0,30.0,12.0,7.0
202109111445,8.0,12.0,36.0,11.0,6.0
202109111500,8.0,14.0,40.0,14.0,7.0
202109111515,9.0,15.0,34.0,15.0,7.0
202109111530,9.0,9.0,32.0,16.0,8.0
202109111545,8.0,10.0,29.0,15.0,6.0
202109111600,8.0,10.0,36.0,13.0,6.0
202109111615,7.0,11.0,38.0,13.0,5.0
202109111630,8.0,13.0,34.0,13.0,7.0
202109111645,9.0,12.0,34.0,11.0,8.0
202109111700,7.0,10.0,39.0,15.0,6.0
202109111715,8.0,12.0,42.0,14.0,8.0
202109111730,9.0,15.0,40.0,12.0,9.0
202109111745,11.0,17.0,39.0,15.0,8.0
202109111800,10.0,15.0,48.0,13.0,7.0
202109111815,11.0,15.0,50.0,10.0,7.0
202109111830,11.0,18.0,54.0,11.0,8.0
202109111845,13.0,14.0,48.0,15.0,9.0
202109111900,14.0,19.0,48.0,14.0,9.0
202109111915,11.0,16.0,50.0,13.0,8.0
202109111930,7.0,13.0,47.0,12.0,6.0
202109111945,8.0,12.0,47.0,9.0,6.0
202109112000,9.0,18.0,47.0,9.0,7.0
202109112015,11.0,20.0,47.0,11.0,7.0
202109112030,10.0,17.0,47.0,10.0,7.0
202109112045,12.0,19.0,47.0,9.0,7.0
202109112100,11.0,19.0,45.0,9.0,7.0
202109112115,10.0,18.0,40.0,7.0,9.0
202109112130,11.0,19.0,40.0,9.0,6.0
202109112145,10.0,21.0,39.0,7.0,6.0
202109112200,12.0,21.0,38.0,5.0,3.0
202109112215,12.0,22.0,35.0,5.0,4.0
202109112230,8.0,18.0,39.0,6.0,3.0
202109112245,7.0,15.0,45.0,6.0,2.0
202109112300,6.0,17.0,50.0,7.0,4.0
202109112315,6.0,18.0,45.0,5.0,4.0
202109112330,4.0,13.0,34.0,8.0,5.0
202109112345,4.0,14.0,26.0,8.0,5.0
202109120000,6.0,12.0,22.0,5.0,5.0
202109120015,3.0,11.0,20.0,5.0,6.0
202109120030,3.0,8.0,19.0,5.0,6.0
202109120045,4.0,7.0,16.0,5.0,5.0
202109120100,3.0,8.0,17.0,4.0,5.0
202109120115,2.0,7.0,15.0,3.0,5.0
202109120130,3.0,6.0,14.0,4.0,5.0
202109120145,3.0,7.0,14.0,4.0,4.0
202109120200,2.0,7.0,23.0,6.0,1.0
202109120215,1.0,7.0,15.0,4.0,0.0
202109120230,1.0,8.0,16.0,3.0,0.0
202109120245,1.0,7.0,16.0,3.0,0.0
202109120300,1.0,9.0,16.0,4.0,0.0
202109120315,1.0,9.0,18.0,4.0,0.0
202109120330,2.0,8.0,18.0,4.0,0.0
202109120345,2.0,7.0,17.0,4.0,0.0
202109120400,2.0,9.0,14.0,4.0,0.0
202109120415,0.0,9.0,15.0,4.0,0.0
202109120430,0.0,11.0,16.0,3.0,0.0
202109120445,0.0,11.0,18.0,3.0,0.0
202109120500,3.0,6.0,16.0,4.0,3.0
202109120515,2.0,6.0,17.0,4.0,3.0
202109120530,3.0,6.0,16.0,4.0,3.0
202109120545,5.0,7.0,16.0,5.0,3.0
202109120600,5.0,7.0,17.0,5.0,4.0
202109120615,8.0,9.0,19.0,6.0,7.0
202109120630,9.0,7.0,22.0,5.0,6.0
202109120645,7.0,8.0,29.0,7.0,6.0
202109120700,10.0,9.0,36.0,11.0,9.0
202109120715,9.0,7.0,36.0,11.0,5.0
202109120730,9.0,8.0,34.0,9.0,5.0
202109120745,7.0,10.0,31.0,8.0,6.0
202109120800,7.0,13.0,30.0,7.0,6.0
202109120815,7.0,10.0,31.0,7.0,6.0
202109120830,9.0,10.0,36.0,9.0,5.0
202109120845,8.0,8.0,37.0,7.0,4.0
202109120900,9.0,9.0,41.0,10.0,5.0
202109120915,8.0,11.0,36.0,8.0,6.0
202109120930,9.0,7.0,34.0,10.0,9.0
202109120945,9.0,10.0,43.0,9.0,6.0
202109121000,9.0,11.0,45.0,10.0,6.0
202109121015,10.0,12.0,38.0,10.0,6.0
202109121030,8.0,11.0,33.0,10.0,6.0
202109121045,8.0,11.0,37.0,9.0,4.0
202109121100,8.0,12.0,37.0,10.0,7.0
202109121115,6.0,14.0,34.0,7.0,4.0
202109121130,10.0,11.0,33.0,6.0,5.0
202109121145,9.0,13.0,35.0,7.0,6.0
202109121200,9.0,17.0,41.0,8.0,4.0
202109121215,10.0,17.0,52.0,7.0,4.0
202109121230,10.0,16.0,51.0,5.0,4.0
202109121245,7.0,15.0,35.0,9.0,5.0
202109121300,8.0,13.0,27.0,7.0,6.0
202109121315,9.0,14.0,27.0,5.0,6.0
202109121330,7.0,15.0,28.0,5.0,8.0
202109121345,8.0,13.0,31.0,8.0,6.0
202109121400,9.0,13.0,32.0,9.0,10.0
202109121415,6.0,11.0,36.0,8.0,10.0
202109121430,9.0,10.0,34.0,7.0,8.0
202109121445,9.0,13.0,40.0,9.0,7.0
202109121500,10.0,12.0,43.0,11.0,6.0
202109121515,10.0,10.0,34.0,10.0,6.0
202109121530,8.0,14.0,29.0,9.0,6.0
202109121545,7.0,11.0,28.0,11.0,7.0
202109121600,9.0,11.0,34.0,11.0,7.0
202109121615,9.0,10.0,36.0,11.0,8.0
202109121630,9.0,7.0,33.0,11.0,8.0
202109121645,8.0,10.0,32.0,12.0,5.0
202109121700,7.0,11.0,33.0,12.0,6.0
202109121715,11.0,11.0,41.0,12.0,8.0
202109121730,12.0,14.0,33.0,11.0,8.0
202109121745,9.0,12.0,38.0,9.0,6.0
202109121800,9.0,10.0,41.0,9.0,7.0
202109121815,9.0,11.0,44.0,11.0,6.0
202109121830,11.0,14.0,51.0,12.0,5.0
202109121845,9.0,16.0,46.0,10.0,5.0
202109121900,12.0,15.0,41.0,11.0,6.0
202109121915,12.0,16.0,35.0,14.0,9.0
202109121930,10.0,17.0,40.0,12.0,6.0
202109121945,12.0,17.0,35.0,12.0,8.0
202109122000,15.0,20.0,45.0,12.0,8.0
202109122015,13.0,20.0,44.0,12.0,7.0
202109122030,16.0,18.0,39.0,10.0,6.0
202109122045,15.0,18.0,40.0,9.0,7.0
202109122100,13.0,21.0,42.0,10.0,6.0
202109122115,12.0,21.0,38.0,7.0,8.0
202109122130,12.0,18.0,41.0,5.0,7.0
202109122145,12.0,19.0,40.0,7.0,9.0
202109122200,9.0,20.0,34.0,6.0,7.0
202109122215,7.0,19.0,36.0,5.0,5.0
202109122230,7.0,18.0,34.0,6.0,4.0
202109122245,7.0,15.0,35.0,5.0,4.0
202109122300,9.0,18.0,33.0,5.0,3.0
202109122315,8.0,16.0,37.0,3.0,5.0
202109122330,9.0,17.0,28.0,9.0,4.0
202109122345,7.0,16.0,20.0,7.0,3.0
202109130000,8.0,11.0,19.0,5.0,5.0
202109130015,6.0,8.0,20.0,4.0,3.0
202109130030,6.0,9.0,17.0,4.0,3.0
202109130045,3.0,8.0,16.0,4.0,4.0
202109130100,3.0,9.0,14.0,3.0,4.0
202109130115,2.0,10.0,13.0,4.0,4.0
202109130130,2.0,7.0,11.0,4.0,5.0
202109130145,2.0,6.0,10.0,5.0,3.0
202109130200,3.0,6.0,16.0,9.0,3.0
202109130215,4.0,8.0,16.0,6.0,0.0
202109130230,3.0,8.0,13.0,4.0,0.0
202109130245,3.0,8.0,13.0,4.0,0.0
202109130300,3.0,8.0,11.0,3.0,0.0
202109130315,3.0,8.0,12.0,3.0,0.0
202109130330,3.0,6.0,13.0,4.0,0.0
202109130345,3.0,7.0,13.0,3.0,0.0
202109130400,2.0,7.0,12.0,3.0,0.0
202109130415,0.0,8.0,12.0,4.0,0.0
202109130430,0.0,11.0,10.0,5.0,0.0
202109130445,0.0,10.0,12.0,5.0,0.0
202109130500,7.0,6.0,10.0,3.0,3.0
202109130515,6.0,8.0,11.0,3.0,3.0
202109130530,4.0,7.0,16.0,4.0,3.0
202109130545,7.0,8.0,19.0,5.0,6.0
202109130600,8.0,8.0,18.0,4.0,5.0
202109130615,7.0,8.0,19.0,6.0,4.0
202109130630,10.0,9.0,26.0,8.0,5.0
202109130645,11.0,8.0,29.0,7.0,7.0
202109130700,11.0,9.0,36.0,10.0,6.0
202109130715,11.0,11.0,39.0,14.0,7.0
202109130730,10.0,17.0,36.0,14.0,9.0
202109130745,10.0,13.0,35.0,14.0,7.0
202109130800,10.0,15.0,34.0,13.0,7.0
202109130815,9.0,10.0,32.0,11.0,6.0
202109130830,7.0,11.0,29.0,14.0,6.0
202109130845,6.0,9.0,29.0,16.0,7.0
202109130900,5.0,8.0,30.0,12.0,7.0
202109130915,7.0,8.0,29.0,13.0,6.0
202109130930,7.0,7.0,27.0,17.0,6.0